id,year,state_name,state_code,district_name,district_code,registration_circles,murder,attempt_to_commit_murder,culpable_homicide_not_amounting_to_murder,attempt_to_commit_culpable_homicide,rape,attempt_to_commit_rape,kidnapping_and_abduction,dacoity,mkng_preparation_and_assembly_for_comm_dacoity,robbery,criminal_trespass_or_burglary,theft,unlawful_assembly,riots,criminal_breach_of_trust,cheating,forgery,counterfeiting,arson,grievous_hurt,dowry_deaths,assault_on_women,insult_to_the_modesty_of_women,cruelty_by_husband_or_his_relatives,importation_of_girls_from_foreign_country,causing_death_by_negligence,offences_against_state,offences_promoting_enmity_between_diff_grp,extortion,disclosure_of_identity_of_victims,incidence_of_rash_driving,human_trafficking,unnatural_offence,other_ipc_crimes
0,2016,Andhra Pradesh,28,Anantapur,502,Anantapur,127,195,6,0,33,15,71,1,0,12,246,509,0,104,20,438,0,8,49,57,23,362,13,130,0,588,0,0,29,0,862,0,0,3200
1,2016,Andhra Pradesh,28,Chittoor,503,Chittoor,72,73,3,0,21,12,19,7,0,2,163,515,18,46,12,130,0,3,10,13,12,135,3,196,0,590,0,0,20,0,738,0,0,1429
2,2016,Andhra Pradesh,28,Y.S.R.,504,Cuddapah,78,257,6,0,38,9,24,7,0,11,240,514,21,73,78,261,12,1,36,16,12,266,104,332,0,480,0,0,38,0,2520,8,0,1987
3,2016,Andhra Pradesh,28,East Godavari,505,East Godavari,64,78,9,0,120,22,61,4,0,14,402,960,82,77,75,260,15,0,38,28,12,413,146,544,0,625,0,0,55,0,1244,0,0,2643
4,2016,Andhra Pradesh,28,Anantapur,502,Guntakal Railway,8,0,0,0,0,0,1,0,0,7,0,584,0,3,0,0,0,6,0,11,2,8,0,1,0,1,0,0,0,0,3,0,0,30
5,2016,Andhra Pradesh,28,Guntur,506,Guntur,109,157,4,0,62,17,40,1,0,13,205,582,3,51,15,312,5,2,44,67,15,283,321,434,0,604,0,0,23,0,860,0,1,2251
6,2016,Andhra Pradesh,28,Guntur,506,Guntur Urban,40,50,3,0,43,2,128,3,0,14,177,571,51,12,21,351,20,3,21,13,7,148,137,374,0,291,0,5,46,0,636,1,0,1126
7,2016,Andhra Pradesh,28,Krishna,510,Krishna,48,63,5,0,81,31,42,0,0,11,225,474,0,11,26,209,0,2,26,32,21,419,250,606,0,454,0,0,16,0,1000,1,1,2775
8,2016,Andhra Pradesh,28,Kurnool,511,Kurnool,119,298,7,0,33,6,67,7,0,14,250,497,0,52,92,433,0,8,38,17,18,475,243,277,0,620,0,1,45,0,1331,0,0,3268
9,2016,Andhra Pradesh,28,Spsr Nellore,515,Nellore,74,148,6,0,52,20,56,4,2,27,365,840,23,65,121,246,17,3,71,52,4,320,154,562,0,462,0,0,24,0,1028,0,0,2763
10,2016,Andhra Pradesh,28,Prakasam,517,Prakasham,77,82,8,0,67,14,35,3,0,18,259,568,47,61,59,203,62,0,40,24,13,290,36,503,0,527,0,0,17,0,869,4,2,2479
11,2016,Andhra Pradesh,28,East Godavari,505,Rajahmundry,19,18,2,0,26,1,20,1,0,12,140,402,0,8,37,90,6,2,16,13,4,146,47,191,0,160,0,0,12,0,457,0,0,686
12,2016,Andhra Pradesh,28,Srikakulam,519,Srikakulam,31,26,5,0,41,1,17,0,0,7,67,137,2,6,18,123,3,2,13,47,2,130,9,243,0,283,0,0,16,0,814,6,0,1378
13,2016,Andhra Pradesh,28,Tirupati,752,Tirupathi Urban,38,36,3,0,16,4,21,6,0,16,194,806,0,26,12,184,0,0,0,8,6,71,17,74,0,245,0,0,0,0,373,0,0,795
14,2016,Andhra Pradesh,28,Ntr,749,Vijayawada City,33,50,1,0,72,6,45,2,0,59,321,2006,26,7,64,382,78,2,27,21,10,207,134,412,0,371,0,1,49,0,1280,7,2,1387
15,2016,Andhra Pradesh,28,Ntr,749,Vijayawada Railway,7,1,0,0,2,0,0,3,0,9,1,1041,0,6,2,6,0,12,0,1,1,7,5,0,0,0,0,0,11,0,1,0,0,36
16,2016,Andhra Pradesh,28,Visakhapatanam,520,Visakha Rural,52,59,2,0,34,1,21,3,0,2,132,178,0,28,10,111,0,0,24,43,4,130,5,130,0,347,1,0,14,0,490,0,0,929
17,2016,Andhra Pradesh,28,Visakhapatanam,520,Visakhapatnam,33,77,5,0,81,2,178,5,0,40,380,1321,0,6,50,611,6,3,15,57,6,306,12,403,0,364,0,0,4,0,1094,0,0,1704
18,2016,Andhra Pradesh,28,Vizianagaram,521,Vizianagaram,31,16,3,0,33,2,8,1,0,2,172,235,4,5,12,111,2,1,13,32,4,201,69,299,0,302,0,0,0,0,949,0,0,1849
19,2016,Andhra Pradesh,28,West Godavari,523,West Godavari,63,111,5,0,139,25,63,5,0,25,466,1116,26,10,40,416,2,4,38,52,17,512,126,750,0,664,0,7,91,0,1246,5,1,2651
20,2016,Arunachal Pradesh,12,Anjaw,628,Anjaw,0,0,0,0,0,0,2,0,0,0,0,3,0,0,0,1,0,0,0,6,0,0,0,0,0,1,0,0,1,0,0,0,0,6
21,2016,Arunachal Pradesh,12,Changlang,229,Changlang,5,3,0,0,5,0,13,1,0,2,12,32,0,2,0,0,0,2,4,25,0,5,0,4,0,5,2,0,18,0,11,0,0,7
22,2016,Arunachal Pradesh,12,Papum Pare,237,Crime Branch,0,0,0,0,0,0,0,0,0,0,0,0,0,0,0,0,0,0,0,0,0,0,0,0,0,0,0,0,0,0,0,0,0,0
23,2016,Arunachal Pradesh,12,Dibang Valley,230,Dibang Valley,0,0,0,0,1,0,0,0,0,0,4,1,0,0,1,0,0,0,1,0,0,0,0,0,0,0,0,0,0,0,0,0,0,1
24,2016,Arunachal Pradesh,12,East Kameng,231,Kameng East,5,4,1,0,5,0,5,0,0,1,11,12,0,0,2,8,0,0,0,23,0,8,0,0,0,3,0,0,2,0,3,0,0,19
25,2016,Arunachal Pradesh,12,West Kameng,242,Kameng West,1,0,1,0,0,0,2,0,0,1,13,26,0,0,1,1,5,0,2,8,0,7,0,0,0,18,0,0,2,0,18,0,0,16
26,2016,Arunachal Pradesh,12,Kurung Kumey,233,Kurung Kumey,0,3,0,0,1,0,2,0,0,0,4,5,0,0,2,0,0,0,0,2,0,1,0,3,0,0,0,0,3,0,2,0,0,25
27,2016,Arunachal Pradesh,12,Lohit,234,Lohit,0,1,0,0,3,0,10,0,0,1,9,16,0,0,0,4,1,0,0,8,1,5,0,2,0,12,0,0,1,0,10,0,0,21
28,2016,Arunachal Pradesh,12,Longding,666,Longding,2,3,1,0,2,0,3,0,0,1,3,7,0,0,1,3,0,0,0,11,0,0,0,0,0,1,0,0,7,0,0,0,0,6
29,2016,Arunachal Pradesh,12,Lower Dibang Valley,235,Lower Dibang Valley,1,0,0,0,1,0,1,0,0,4,8,11,0,0,1,2,0,0,0,12,0,3,0,0,0,10,0,0,3,0,4,0,0,9
30,2016,Arunachal Pradesh,12,Papum Pare,237,Papum Pare City,8,5,1,0,25,4,36,1,0,22,64,207,0,5,14,43,7,1,6,45,0,45,8,27,0,8,0,0,29,0,43,1,1,115
31,2016,Arunachal Pradesh,12,Papum Pare,237,Papum Pare Rural,2,1,0,0,1,0,5,3,0,1,9,22,0,0,4,2,2,0,0,8,0,0,0,0,0,2,0,0,3,0,2,0,0,14
32,2016,Arunachal Pradesh,12,East Siang,232,Siang East,2,3,1,0,14,3,8,0,0,14,14,59,0,1,0,8,2,0,9,11,0,8,2,7,0,9,0,1,4,0,11,0,0,54
33,2016,Arunachal Pradesh,12,Upper Siang,240,Siang Upper,1,1,0,0,5,0,1,0,0,0,7,7,0,0,0,1,0,0,0,3,0,1,0,0,0,4,0,0,2,0,3,0,0,14
34,2016,Arunachal Pradesh,12,West Siang,243,Siang West,0,3,0,0,10,3,3,1,0,3,15,13,0,0,4,16,1,0,3,26,0,9,0,0,0,7,0,0,3,0,10,0,0,22
35,2016,Arunachal Pradesh,12,Lower Subansiri,236,Subansiri Lower,1,2,1,0,2,0,4,3,0,3,12,21,0,0,0,10,1,0,1,20,0,2,0,0,0,1,0,0,3,0,1,0,0,66
36,2016,Arunachal Pradesh,12,Upper Subansiri,241,Subansiri Upper,3,7,0,0,6,4,2,0,0,0,10,10,0,0,0,4,1,0,1,4,0,6,0,3,0,1,0,0,1,0,5,0,0,22
37,2016,Arunachal Pradesh,12,Tawang,238,Tawang,1,2,0,0,0,0,0,0,0,0,5,9,0,0,1,0,0,0,1,2,0,2,0,0,0,6,0,0,1,0,3,0,0,5
38,2016,Arunachal Pradesh,12,Tirap,239,Tirap,2,3,0,0,0,0,3,1,0,1,4,10,0,0,2,3,0,0,1,2,0,1,0,1,0,2,0,0,14,0,2,0,0,12
39,2016,Arunachal Pradesh,12,Namsai,678,Namsai,12,5,0,0,9,1,12,0,0,9,14,28,0,0,0,1,3,0,1,14,0,5,0,2,0,14,0,0,2,0,2,0,1,12
40,2016,Arunachal Pradesh,12,Siang,679,Siang,0,0,0,0,2,0,0,0,0,0,4,11,1,0,0,0,1,0,1,5,0,1,0,1,0,1,0,0,1,0,2,0,0,11
41,2016,Assam,18,Kamrup Metro,618,B. I. E. O.,0,0,0,0,0,0,0,0,0,0,0,0,0,0,9,0,0,0,0,0,0,0,0,0,0,0,0,0,0,0,0,0,0,11
42,2016,Assam,18,Barpeta,280,Barpeta,55,149,4,0,104,101,363,6,2,22,317,476,15,246,81,277,70,4,55,1498,24,334,0,813,0,110,2,0,22,0,308,1,4,1432
43,2016,Assam,18,Baksa,616,Baksa,28,55,0,0,25,4,166,3,0,26,41,92,0,0,8,44,0,0,10,39,1,87,2,67,0,53,0,0,52,0,62,1,0,468
44,2016,Assam,18,Bongaigaon,281,Bongaigaon,21,12,0,0,41,0,151,1,0,11,102,280,0,5,2,95,25,0,13,637,2,46,0,234,0,66,0,0,5,0,112,2,0,418
45,2016,Assam,18,Kamrup Metro,618,C. I. D.,0,0,0,0,0,0,0,0,0,0,0,2,0,0,1,10,0,0,0,0,0,0,0,0,0,0,0,0,1,0,0,0,0,11
46,2016,Assam,18,Cachar,282,Cachar,50,3,0,1,75,13,319,6,1,18,346,686,101,112,98,113,55,2,36,353,12,71,5,515,0,100,0,0,53,0,412,1,0,2453
47,2016,Assam,18,Chirang,612,Chirang,16,10,0,0,19,3,76,0,0,3,30,157,0,10,5,59,13,5,3,57,0,23,0,65,0,30,0,0,28,0,28,0,0,246
48,2016,Assam,18,Darrang,283,Darrang,28,0,0,0,95,28,186,7,0,13,190,258,0,47,44,234,30,1,29,492,6,524,0,493,0,68,0,0,3,0,192,2,0,972
49,2016,Assam,18,Dhemaji,284,Dhemaji,21,47,1,0,47,8,126,2,0,13,61,159,34,7,11,76,5,1,17,192,1,91,1,111,0,57,0,0,22,0,52,2,1,223
50,2016,Assam,18,Dhubri,285,Dhubri,32,86,0,0,145,34,362,9,0,50,146,578,302,481,217,196,53,3,62,814,9,471,7,863,0,109,0,0,182,0,236,7,1,649
51,2016,Assam,18,Dibrugarh,286,Dibrugarh,68,41,0,0,59,5,205,1,0,29,154,521,10,5,93,65,23,1,22,49,3,41,0,247,0,95,0,0,14,0,145,2,0,1389
52,2016,Assam,18,Kamrup Metro,618,G. R. P.,12,0,0,0,1,0,12,1,0,5,0,375,0,3,8,6,0,0,0,10,0,3,0,0,0,2,0,0,5,0,1,10,0,41
53,2016,Assam,18,Goalpara,287,Goalpara,40,28,4,0,48,8,112,2,0,4,214,159,0,0,0,44,11,0,26,516,6,15,0,279,0,110,6,0,1,0,145,2,1,919
54,2016,Assam,18,Golaghat,288,Golaghat,64,38,1,0,47,6,262,13,0,37,107,375,2,0,15,94,14,2,15,248,6,54,0,315,0,111,0,0,34,0,133,0,0,1072
55,2016,Assam,18,Kamrup Metro,618,Guwahati City,75,48,0,0,72,9,677,9,0,288,950,3030,0,30,327,845,0,23,25,94,9,151,13,507,0,258,0,0,149,0,784,6,2,4637
56,2016,Assam,18,Hailakandi,289,Hailakandi,16,20,2,0,88,5,116,1,0,6,72,158,117,109,59,74,15,1,23,266,0,26,3,264,0,28,0,0,51,0,136,0,0,713
57,2016,Assam,18,West Karbi Anglong,710,Hamren,9,1,0,0,8,0,24,5,0,3,14,29,0,0,12,11,12,0,0,72,0,5,0,2,0,5,0,0,20,0,4,1,0,75
58,2016,Assam,18,Jorhat,290,Jorhat,35,14,0,0,32,12,174,1,0,37,135,573,0,8,84,255,7,2,29,288,1,202,0,399,0,70,0,0,78,0,121,1,0,1700
59,2016,Assam,18,Kamrup,291,Kamrup,60,32,0,0,88,0,215,7,0,55,237,450,0,61,78,175,0,3,17,135,7,96,0,292,0,251,0,0,56,0,299,3,0,1972
60,2016,Assam,18,Karbi Anglong,292,Karbi Anglong,23,43,1,0,18,1,99,1,0,10,49,193,5,10,21,49,5,0,2,110,0,20,0,61,0,64,4,0,88,0,37,1,0,131
61,2016,Assam,18,Karimganj,293,Karimganj,30,77,0,0,47,0,124,3,0,8,199,297,32,56,21,101,6,0,33,554,10,77,1,275,0,30,1,1,27,0,109,1,0,703
62,2016,Assam,18,Kokrajhar,294,Kokrajhar,36,61,2,0,41,0,143,9,0,7,59,428,0,17,20,67,0,5,20,150,2,116,0,167,0,96,0,0,55,0,0,0,0,180
63,2016,Assam,18,Lakhimpur,295,Lakhimpur,32,52,15,10,68,0,263,4,0,40,158,302,0,18,67,153,0,0,19,61,4,23,0,343,0,49,2,0,33,0,189,3,0,1700
64,2016,Assam,18,Marigaon,296,Morigaon,23,115,0,0,128,30,189,9,0,32,123,206,0,118,13,188,0,0,25,913,3,205,0,414,0,90,0,0,70,0,110,2,2,181
65,2016,Assam,18,Dima Hasao,299,Dima Hasao,7,8,0,0,3,0,27,3,0,3,7,59,0,1,0,5,0,0,4,6,0,6,0,3,0,7,0,0,17,0,0,0,0,82
66,2016,Assam,18,Nagaon,297,Nagaon,72,59,0,0,97,27,393,8,0,60,249,694,59,81,111,252,33,1,36,301,16,189,0,832,0,196,0,0,39,0,301,6,2,3207
67,2016,Assam,18,Nalbari,298,Nalbari,10,28,0,0,37,0,98,4,0,26,103,200,52,9,94,43,65,1,19,207,1,81,0,180,0,53,0,0,25,0,206,1,0,535
68,2016,Assam,18,Kamrup Metro,618,R. P. O.,1,0,0,0,6,0,8,1,0,0,0,8,0,5,0,4,0,0,1,1,0,2,0,7,0,0,0,0,3,0,0,0,0,12
69,2016,Assam,18,Sivasagar,300,Sibsagar,41,50,0,5,25,10,242,2,0,20,114,363,26,4,22,105,13,0,15,279,3,139,0,233,0,49,0,0,46,0,70,3,0,667
70,2016,Assam,18,Sonitpur,301,Sonitpur,35,6,0,0,49,0,217,1,0,23,199,469,0,27,27,221,0,3,10,189,7,121,0,312,0,102,0,0,39,0,69,16,0,1646
71,2016,Assam,18,Tinsukia,302,Tinsukia,66,41,0,0,68,26,187,12,1,38,164,626,60,11,138,44,15,0,15,348,4,63,0,242,0,91,4,0,36,0,110,3,0,826
72,2016,Assam,18,Udalguri,617,Udalguri,33,29,0,0,23,24,83,0,0,15,65,158,0,8,23,10,1,6,11,228,2,29,0,58,0,82,0,0,28,0,66,11,0,169
73,2016,Assam,18,Tinsukia,302,Sadia,1,1,0,0,10,0,17,1,0,4,8,16,0,9,1,9,0,0,4,27,0,2,0,9,0,4,0,0,2,0,5,0,0,73
74,2016,Assam,18,Majuli,706,Majuli,1,3,0,0,9,3,15,0,0,4,6,13,0,0,0,12,2,0,1,62,0,3,0,1,0,2,0,0,0,0,2,0,0,72
75,2016,Assam,18,Biswanath,705,Biswanath,44,14,0,0,42,0,135,11,0,7,62,162,0,14,13,32,0,0,8,111,6,14,0,101,0,101,0,0,11,0,0,1,0,453
76,2016,Assam,18,Hojai,709,Hojai,29,30,4,0,43,2,157,7,0,18,125,192,98,44,13,169,33,0,30,324,6,28,1,293,0,55,2,0,31,0,82,0,1,674
77,2016,Assam,18,South Salmara Mancachar,707,South Salmara,14,49,0,1,63,11,92,6,0,1,51,113,0,110,26,20,9,2,23,150,6,15,1,301,0,8,0,0,16,0,35,0,0,464
78,2016,Assam,18,Charaideo,708,Charaideo,21,7,0,0,8,0,91,0,0,4,29,98,0,5,5,14,0,0,6,63,0,5,0,23,0,23,0,0,4,0,9,1,0,233
79,2016,Bihar,10,Araria,188,Araria,60,321,86,73,51,14,160,3,1,28,65,384,0,315,26,20,35,0,15,150,11,1,0,76,0,55,0,0,14,0,80,1,0,1659
80,2016,Bihar,10,Arwal,611,Arwal,10,107,0,0,4,0,34,2,0,7,27,83,7,58,5,45,11,0,1,0,9,4,0,23,0,27,0,0,3,0,24,0,0,445
94,2016,Bihar,10,Jamui,198,Jamui,54,202,0,0,10,0,53,6,0,17,50,98,0,158,6,44,0,0,4,5,14,17,0,50,0,115,0,0,15,0,178,0,0,984
81,2016,Bihar,10,Aurangabad,189,Aurangabad,48,147,5,29,10,5,52,2,5,25,60,240,0,197,64,121,23,0,5,49,17,17,0,44,0,155,0,0,19,0,83,0,0,1146
82,2016,Bihar,10,Pashchim Champaran,211,Bagaha,31,41,0,0,8,0,87,1,1,6,29,88,0,54,33,51,19,0,2,17,9,0,0,23,0,28,0,0,0,0,24,3,1,967
83,2016,Bihar,10,Banka,190,Banka,49,156,1,155,10,3,86,7,0,19,28,166,0,164,18,47,19,0,36,187,20,0,0,39,0,105,0,0,11,0,72,0,0,2007
84,2016,Bihar,10,Begusarai,191,Begusarai,64,108,2,13,24,17,139,3,5,51,91,421,59,313,40,54,37,1,5,23,18,12,0,65,0,184,0,0,51,0,153,0,1,2319
85,2016,Bihar,10,Pashchim Champaran,211,Bettiah,52,69,0,0,27,0,190,6,0,16,110,439,0,447,15,50,20,1,16,455,28,2,0,105,0,76,0,0,36,0,145,0,0,2215
86,2016,Bihar,10,Kaimur (Bhabua),200,Bhabhua,40,52,0,0,13,11,108,11,0,18,74,270,0,104,89,92,28,0,0,8,22,0,0,46,0,74,0,0,10,0,93,0,1,1646
87,2016,Bihar,10,Bhagalpur,192,Bhagalpur,89,15,0,0,47,7,212,9,7,35,182,675,0,308,31,104,156,3,7,7,18,15,0,50,0,76,0,0,28,0,127,0,0,1705
88,2016,Bihar,10,Bhojpur,193,Bhojpur,84,324,5,425,21,16,120,7,12,28,125,492,4,242,45,472,140,0,43,707,36,9,30,240,0,141,0,0,135,0,135,0,0,1568
89,2016,Bihar,10,Buxar,194,Buxar,48,56,0,2,16,0,67,3,0,12,129,408,0,355,19,98,0,1,27,391,18,7,0,51,0,78,0,0,17,0,150,0,0,879
90,2016,Bihar,10,Darbhanga,195,Darbhanga,38,192,4,0,31,22,331,4,0,27,121,521,0,615,120,140,11,0,0,309,23,0,18,207,0,125,0,0,25,0,123,0,3,2147
91,2016,Bihar,10,Gaya,196,Gaya,133,74,11,7,51,0,358,37,6,72,226,907,0,672,87,272,54,2,4,432,40,2,0,201,0,305,0,0,95,0,432,3,2,3072
92,2016,Bihar,10,Gopalganj,197,Gopalganj,76,350,9,84,6,11,139,11,5,30,58,305,0,129,21,82,78,1,22,122,36,0,0,79,0,102,0,0,35,0,44,0,2,1423
93,2016,Bihar,10,Munger,207,Jamalpur Railway,5,1,0,0,0,0,3,1,0,6,0,269,0,4,0,1,0,0,0,0,0,5,0,0,0,0,0,0,0,0,0,0,0,79
95,2016,Bihar,10,Jehanabad,199,Jehanabad,35,218,0,0,19,1,107,6,1,21,40,189,0,141,13,98,22,0,6,24,17,2,0,25,0,46,0,0,12,0,76,0,0,683
96,2016,Bihar,10,Katihar,201,Katihar,73,108,0,0,57,88,166,5,1,54,76,345,0,277,49,92,89,0,77,499,10,1,116,136,0,98,0,0,50,0,124,0,0,1078
97,2016,Bihar,10,Katihar,201,Katihar Railway,3,12,0,0,1,0,3,1,1,4,8,168,0,0,0,2,0,0,0,0,0,8,0,0,0,0,0,0,1,0,3,4,0,105
98,2016,Bihar,10,Khagaria,202,Khagaria,45,40,3,0,17,15,131,5,0,15,38,152,0,77,29,67,32,2,7,10,5,2,0,39,0,86,0,0,21,0,55,0,4,1549
99,2016,Bihar,10,Kishanganj,203,Kishanganj,40,31,1,0,40,3,115,5,0,6,42,288,111,78,4,47,28,5,15,13,6,0,0,46,0,47,0,0,10,0,45,1,1,725
100,2016,Bihar,10,Lakhisarai,204,Lakhisarai,25,170,0,14,10,14,75,3,0,18,48,78,49,87,78,89,88,1,12,78,8,0,0,51,0,58,8,0,9,0,37,8,0,466
101,2016,Bihar,10,Madhepura,205,Madhepura,41,2,0,0,14,4,121,4,0,25,59,231,0,263,7,60,15,0,2,0,9,0,0,32,0,60,0,0,9,0,38,0,0,1775
102,2016,Bihar,10,Madhubani,206,Madhubani,61,55,0,0,59,0,221,11,0,43,111,461,0,394,77,167,0,0,1,32,35,7,0,214,0,116,0,0,27,0,98,2,0,2815
103,2016,Bihar,10,Purbi Champaran,213,Motihari,87,1129,0,8,23,1,292,11,4,54,279,878,0,615,24,21,71,0,17,119,64,0,0,179,0,136,0,8,79,0,101,0,1,3615
104,2016,Bihar,10,Munger,207,Munger,33,5,4,0,11,0,88,5,1,19,57,181,0,148,3,98,0,0,0,1,6,11,0,55,0,47,0,0,54,0,26,0,0,1079
105,2016,Bihar,10,Muzaffarpur,208,Muzaffarpur,134,268,0,50,33,30,389,23,0,103,337,2170,0,353,46,185,57,0,12,108,45,0,0,141,0,256,0,0,33,0,451,1,0,2820
106,2016,Bihar,10,Muzaffarpur,208,Muzaffarpur Railway,16,1,0,0,4,0,19,1,0,3,9,287,0,1,1,19,1,0,1,0,0,8,0,2,0,4,0,0,3,0,1,0,0,132
107,2016,Bihar,10,Nalanda,209,Nalanda,72,276,2,323,34,0,323,14,0,46,115,734,62,325,5,255,7,0,7,235,47,13,0,108,0,109,0,0,24,0,287,1,0,2906
240,2016,Jammu And Kashmir,1,Jammu,5,Crime Jammu,0,0,0,0,0,0,0,0,0,0,0,0,0,0,0,63,0,0,0,0,0,0,0,0,0,0,0,0,0,0,0,0,0,0
108,2016,Bihar,10,Bhagalpur,192,Naugachia,32,0,0,0,5,0,41,2,0,10,10,75,0,102,8,17,7,0,1,0,8,7,0,28,0,76,0,0,14,0,60,0,0,714
109,2016,Bihar,10,Nawada,210,Nawadah,60,41,0,0,18,7,158,8,0,13,27,330,0,225,30,198,9,0,1,1281,20,10,0,56,0,110,0,0,5,0,86,1,0,486
110,2016,Bihar,10,Patna,212,Patna,261,22,0,0,75,15,1006,37,0,167,772,3802,0,745,21,1384,0,3,3,3296,98,117,3,455,0,458,0,0,193,0,465,0,6,3785
111,2016,Bihar,10,Patna,212,Patna Railway,6,3,0,0,1,0,12,3,2,5,3,665,0,7,1,12,0,0,0,6,4,19,0,0,0,1,0,0,0,0,0,0,0,326
112,2016,Bihar,10,Purnia,214,Purnea,80,0,0,0,23,0,142,7,0,43,82,426,30,217,29,11,17,0,4,96,28,0,0,62,0,244,0,0,9,0,92,0,0,2066
113,2016,Bihar,10,Rohtas,215,Rohtas,76,42,5,1,25,3,176,16,3,51,208,742,0,288,107,13,119,0,0,1659,25,1,0,81,0,179,0,0,24,0,107,0,1,987
114,2016,Bihar,10,Saharsa,216,Saharsa,39,95,1,6,25,0,128,6,1,30,97,299,21,566,14,157,0,0,4,16,8,1,0,43,0,48,0,0,20,0,65,0,0,1299
115,2016,Bihar,10,Samastipur,217,Samastipur,87,367,5,10,19,0,259,4,0,28,65,483,352,314,2,175,5,0,12,76,36,1,0,98,0,156,0,0,17,0,298,0,1,2214
116,2016,Bihar,10,Saran,218,Saran,137,593,0,0,36,0,329,25,0,84,209,899,0,704,20,465,41,0,32,157,45,0,0,210,0,181,0,0,0,0,111,0,0,3233
117,2016,Bihar,10,Sheikhpura,219,Sheikhpura,16,328,0,0,11,0,38,5,0,7,42,90,0,115,4,73,7,0,3,241,4,15,0,63,0,32,0,0,16,0,29,0,0,260
118,2016,Bihar,10,Sheohar,220,Sheohar,10,3,0,2,5,0,31,3,0,5,7,43,0,17,5,16,5,0,0,51,11,9,0,14,0,12,0,0,13,0,8,0,0,341
119,2016,Bihar,10,Sitamarhi,221,Sitamarhi,60,285,0,32,23,19,247,8,6,28,128,509,286,159,25,51,88,0,11,332,25,0,0,158,0,26,0,0,48,0,161,0,0,1731
120,2016,Bihar,10,Siwan,222,Siwan,59,138,0,54,28,0,180,7,0,36,98,764,228,354,17,174,18,0,1,339,41,0,0,83,0,112,0,0,22,0,201,0,0,1471
121,2016,Bihar,10,Supaul,223,Supaul,39,290,6,34,37,15,149,4,0,44,53,252,455,529,92,80,1,0,39,56,12,1,0,31,0,88,0,0,23,0,42,0,0,542
122,2016,Bihar,10,Vaishali,224,Vaishali,73,261,0,42,26,0,239,7,0,51,116,921,132,381,30,166,0,0,17,453,51,0,0,85,0,47,0,0,21,0,310,0,0,1533
123,2016,Bihar,10,Patna,212,Economic Offences Unit,0,0,0,0,0,0,0,0,0,0,0,0,0,0,1,4,0,0,0,0,0,0,0,0,0,0,0,0,0,0,0,0,0,0
124,2016,Bihar,10,Patna,212,Anti Terrorist Squad,0,0,0,0,0,0,0,0,0,0,0,0,0,0,0,0,0,0,0,0,0,0,0,0,0,0,0,0,0,0,0,0,0,0
125,2016,Chhattisgarh,22,Balod,646,Balod,15,6,2,0,33,2,28,0,0,2,73,81,0,12,2,19,8,1,9,13,2,46,2,11,0,105,0,0,5,0,254,3,0,708
126,2016,Chhattisgarh,22,Baloda Bazar,644,Balodbazar,38,23,1,0,81,1,119,0,0,9,172,217,0,34,5,29,0,0,15,48,9,97,6,32,0,172,0,0,2,0,368,1,1,775
127,2016,Chhattisgarh,22,Balrampur,649,Balrampur,31,16,0,0,76,0,28,1,0,4,39,43,13,13,2,13,4,0,7,17,4,35,0,17,0,138,0,0,7,0,154,2,0,338
128,2016,Chhattisgarh,22,Bemetara,650,Bemetra,20,5,1,0,41,0,44,1,0,9,71,128,0,20,0,16,0,0,6,10,2,51,2,10,0,101,0,0,0,0,255,0,1,760
129,2016,Chhattisgarh,22,Bilaspur,375,Bilaspur,72,33,2,0,121,0,246,2,3,68,382,680,0,99,10,85,0,1,43,78,6,238,2,76,0,273,0,0,2,0,932,3,4,2096
130,2016,Chhattisgarh,22,Bijapur,636,Bizapur,32,82,0,0,7,0,14,4,0,2,13,4,0,4,0,1,0,0,6,0,0,3,0,0,0,25,0,0,0,0,77,0,0,78
131,2016,Chhattisgarh,22,Dantewada,376,Dantewara,24,29,0,0,12,0,15,4,0,3,22,35,0,6,2,3,0,0,10,1,0,6,0,0,0,43,0,0,0,0,111,1,0,149
132,2016,Chhattisgarh,22,Dhamtari,377,Dhamtari,16,4,1,0,49,0,18,1,0,13,49,83,0,14,4,20,0,0,11,30,3,34,2,12,0,105,0,0,0,0,240,0,0,424
133,2016,Chhattisgarh,22,Durg,378,Durg,37,43,3,0,105,6,235,4,0,34,377,704,0,31,15,149,0,6,41,31,13,254,14,91,0,273,0,0,4,0,1242,2,4,3588
134,2016,Chhattisgarh,22,Gariyaband,645,Gariyaband,20,12,0,0,42,1,23,0,0,4,33,35,0,25,7,24,1,0,6,17,0,34,4,19,0,63,0,0,1,0,196,2,1,477
135,2016,Chhattisgarh,22,Raipur,387,G. R. P. Raipur,5,3,0,0,2,0,1,0,0,4,2,478,0,3,0,1,0,0,0,8,0,6,0,0,0,1,0,0,0,0,0,0,0,36
136,2016,Chhattisgarh,22,Bastar,374,Jagdalpur,30,27,0,0,45,0,43,1,0,6,64,74,0,14,0,16,0,0,7,5,1,21,1,9,0,121,0,0,0,0,0,6,0,762
137,2016,Chhattisgarh,22,Janjgir-Champa,379,Janjgir,43,19,1,0,67,0,133,0,0,22,206,205,0,46,9,66,0,0,13,64,7,100,10,58,0,220,0,0,4,0,530,0,1,857
138,2016,Chhattisgarh,22,Jashpur,380,Jashpur,56,11,2,0,75,0,72,3,1,10,48,53,0,18,5,22,0,0,9,33,0,31,1,8,0,139,0,0,5,0,222,13,0,275
139,2016,Chhattisgarh,22,Kabirdham,382,Kabirdham,16,10,2,0,40,0,71,0,0,3,42,37,0,21,4,23,0,0,8,26,3,62,3,14,0,95,0,0,0,0,226,0,1,673
140,2016,Chhattisgarh,22,Kanker,381,Kanker,38,27,2,1,38,0,35,2,1,4,83,115,0,27,3,16,0,1,7,11,0,30,9,14,0,100,0,0,2,0,320,2,1,347
141,2016,Chhattisgarh,22,Kondagaon,643,Kondagaon,26,16,1,0,20,0,25,9,0,2,30,30,0,11,2,8,0,0,7,13,0,12,1,4,0,87,0,0,0,0,189,2,1,149
142,2016,Chhattisgarh,22,Korba,383,Korba,52,12,5,0,60,0,79,5,1,20,152,192,0,29,11,41,27,1,15,37,6,54,4,41,0,192,0,0,0,0,538,2,0,519
143,2016,Chhattisgarh,22,Korea,384,Koriya,28,21,0,0,73,0,75,0,0,8,100,84,0,21,2,42,0,0,5,44,0,72,3,38,0,114,0,0,0,0,224,0,0,746
144,2016,Chhattisgarh,22,Mahasamund,385,Mahasamund,31,8,0,0,55,0,66,2,0,10,123,160,0,13,4,21,0,2,8,45,5,45,2,16,0,205,0,0,0,0,354,1,0,629
145,2016,Chhattisgarh,22,Mungeli,647,Mungali,20,20,1,0,21,0,56,0,0,5,63,66,0,14,1,25,0,0,10,17,3,35,1,20,0,75,0,0,1,0,236,0,0,408
146,2016,Chhattisgarh,22,Narayanpur,637,Narayanpur,12,34,0,0,7,1,12,3,0,0,10,7,0,2,0,1,0,0,2,0,0,3,0,2,0,21,0,0,0,0,45,0,1,31
147,2016,Chhattisgarh,22,Raigarh,386,Raigarh,68,41,10,0,155,4,106,2,0,23,196,270,0,62,5,108,0,1,15,76,8,121,13,32,0,217,0,0,0,0,0,4,0,1212
241,2016,Jammu And Kashmir,1,Jammu,5,Crime Srinagar,1,0,0,0,0,0,0,0,0,0,0,0,0,0,0,61,0,0,0,0,0,0,0,0,0,0,0,0,0,0,0,0,0,1
148,2016,Chhattisgarh,22,Raipur,387,Raipur,59,71,0,0,173,2,297,6,2,71,429,1157,0,46,28,178,0,7,34,92,3,183,13,51,0,467,0,0,8,0,1911,0,4,2248
149,2016,Chhattisgarh,22,Rajnandgaon,388,Rajnandgaon,49,38,1,0,64,3,97,0,0,21,191,210,0,34,5,54,0,14,16,10,8,68,5,20,0,187,0,0,9,0,694,0,1,1218
150,2016,Chhattisgarh,22,Surguja,389,Sarguja,48,11,1,0,80,0,95,0,0,12,128,187,44,0,5,57,0,0,19,32,1,73,3,10,0,123,0,0,8,0,342,2,0,866
151,2016,Chhattisgarh,22,Sukma,642,Sukma,37,58,0,0,2,0,7,10,0,2,2,10,0,4,1,0,0,0,4,0,0,4,0,0,0,18,0,0,0,0,41,0,0,38
152,2016,Chhattisgarh,22,Surajpur,648,Surajpur,34,10,1,0,82,0,31,0,0,8,109,105,0,29,7,30,0,1,8,28,0,52,0,17,0,150,0,0,8,0,235,0,1,519
153,2016,Goa,30,North Goa,551,North Goa,15,10,11,0,33,0,56,4,0,6,93,253,10,72,27,84,10,2,7,47,0,94,19,11,0,92,0,0,1,0,194,17,0,207
154,2016,Goa,30,South Goa,552,South Goa,15,8,1,0,27,0,50,3,0,7,75,178,9,45,11,34,4,2,10,38,2,44,13,12,0,136,0,0,0,0,317,7,1,180
155,2016,Goa,30,North Goa,551,C. I. D.,0,0,0,0,1,0,0,0,0,1,0,32,1,0,1,23,1,0,0,0,0,5,0,0,0,1,0,0,1,0,0,11,0,10
156,2016,Gujarat,24,Ahmadabad,438,Ahmedabad City,103,65,6,1,112,0,376,12,4,125,449,2624,10,117,254,202,11,12,18,170,2,131,8,562,0,434,0,1,32,0,1437,0,7,9098
157,2016,Gujarat,24,Ahmadabad,438,Ahmedabad Rural,28,100,2,0,28,0,61,10,0,19,55,147,2,40,52,0,91,0,4,44,1,29,1,54,0,276,0,0,2,0,336,0,2,4356
158,2016,Gujarat,24,Amreli,439,Amreli,18,19,2,0,12,0,71,4,0,20,81,98,8,36,24,5,4,0,2,62,0,24,0,102,0,120,0,0,6,0,176,0,1,812
159,2016,Gujarat,24,Anand,440,Anand,19,43,4,0,14,0,117,24,1,48,168,297,20,62,33,90,15,0,7,68,0,66,1,126,0,237,0,0,8,0,1530,0,0,1442
160,2016,Gujarat,24,Arvalli,672,Arvalli,11,13,1,0,10,0,52,4,0,9,89,136,7,14,7,17,2,1,4,28,0,24,0,101,0,128,0,0,0,0,136,0,0,1697
161,2016,Gujarat,24,Banas Kantha,441,Banaskantha,49,30,2,0,55,0,117,21,2,59,174,334,21,91,51,75,0,0,10,83,0,64,2,195,0,277,0,0,2,0,405,0,0,2216
162,2016,Gujarat,24,Bharuch,442,Bharuch,43,19,0,0,50,1,55,8,0,18,141,359,3,52,95,2,0,1,6,73,0,33,1,64,0,334,0,1,12,0,421,0,0,1631
163,2016,Gujarat,24,Bhavnagar,443,Bhavnagar,40,23,2,0,12,0,91,7,0,26,165,243,7,57,13,27,5,5,15,114,1,30,3,120,0,175,0,0,9,1,371,0,2,4493
164,2016,Gujarat,24,Botad,676,Botad,10,7,1,0,10,0,39,2,0,6,46,92,0,29,1,1,3,0,2,55,1,16,0,36,0,60,0,1,10,0,89,0,2,563
165,2016,Gujarat,24,Chhotaudepur,668,Chhotaudepur,28,12,0,0,16,0,30,3,0,2,28,140,4,23,2,5,0,2,3,49,0,12,0,14,0,119,0,0,1,0,117,0,0,599
166,2016,Gujarat,24,Gandhinagar,446,C. I. D. Crime,0,0,0,0,0,0,0,0,0,0,0,0,0,4,0,11,1,0,0,0,0,0,0,0,0,0,0,0,0,0,0,0,0,0
167,2016,Gujarat,24,Dohad,445,Dahod,32,26,4,0,47,0,118,28,1,28,89,189,30,48,5,23,0,2,12,106,0,25,0,144,0,167,0,0,5,0,476,0,0,1221
168,2016,Gujarat,24,Dang,444,Dang,9,1,0,0,0,0,2,0,0,1,3,8,1,1,8,1,0,2,0,3,0,2,1,0,0,28,0,0,0,0,0,0,0,95
169,2016,Gujarat,24,Devbhumi Dwarka,674,Devbhumi Dwarka,9,13,0,0,4,0,19,5,0,11,27,63,10,23,7,7,1,0,1,35,0,8,0,25,0,79,0,0,8,0,131,0,0,498
170,2016,Gujarat,24,Gandhinagar,446,Gandhinagar,19,25,2,0,10,1,89,13,0,53,134,395,5,48,16,105,10,10,2,49,0,38,36,116,0,218,0,0,3,0,423,0,1,2663
171,2016,Gujarat,24,Gir Somnath,675,Gir Somnath,11,18,1,0,16,0,40,5,0,14,35,95,12,59,10,11,1,1,3,38,0,28,0,125,0,105,0,0,0,0,90,0,0,722
172,2016,Gujarat,24,Jamnagar,447,Jamnagar,22,85,11,0,19,0,58,6,2,21,94,219,5,40,26,16,6,0,4,76,1,22,0,92,0,144,0,0,11,0,1025,0,0,1093
173,2016,Gujarat,24,Junagadh,448,Junagadh,31,22,1,1,18,0,55,2,0,25,99,166,3,38,37,33,9,0,8,54,0,27,0,158,0,108,0,0,10,0,432,0,2,1070
242,2016,Jammu And Kashmir,1,Doda,4,Doda,6,11,1,0,14,0,28,0,0,0,31,19,0,13,3,16,0,0,10,1,0,26,4,7,0,23,0,0,0,0,154,0,0,278
174,2016,Gujarat,24,Kachchh,449,Kachchh East(G),39,18,3,0,37,0,49,4,0,35,116,308,2,52,17,43,9,1,4,76,1,33,0,54,0,202,0,0,9,0,650,0,0,972
175,2016,Gujarat,24,Kachchh,449,Kachchh West(B),18,16,0,1,32,0,25,2,0,9,97,157,6,48,23,25,24,4,2,60,0,28,1,97,0,158,0,3,4,0,493,0,2,731
176,2016,Gujarat,24,Kheda,450,Kheda,35,18,1,1,33,0,37,6,0,3,58,160,2,26,21,21,7,0,5,82,0,20,0,69,0,251,0,0,3,0,669,0,0,2326
177,2016,Gujarat,24,Mahisagar,669,Mahisagar,19,10,1,0,8,0,30,1,0,4,26,62,5,14,10,10,1,1,5,31,0,11,0,42,0,89,0,0,3,0,109,0,0,498
178,2016,Gujarat,24,Mahesana,451,Mehsana,27,42,2,0,25,1,117,32,0,90,273,534,22,118,50,37,2,0,18,83,0,55,0,159,0,244,0,0,5,0,584,0,0,2884
179,2016,Gujarat,24,Morbi,673,Morbi,26,11,2,1,16,0,39,4,0,10,54,120,7,19,31,2,0,1,6,43,1,9,1,16,0,189,0,0,1,0,147,0,0,1887
180,2016,Gujarat,24,Narmada,452,Narmada,8,7,0,0,13,0,10,2,0,5,20,41,0,10,18,1,0,0,3,36,0,12,0,10,0,94,0,0,0,0,139,0,0,350
181,2016,Gujarat,24,Navsari,453,Navsari,22,6,1,0,14,0,31,3,0,9,104,163,7,29,55,9,2,1,2,37,0,14,0,20,0,220,0,0,4,0,200,0,3,937
182,2016,Gujarat,24,Panch Mahals,454,Panchmahal,29,25,1,0,19,0,68,5,0,8,77,132,8,26,19,22,0,1,3,57,1,31,0,95,0,226,0,0,0,0,445,0,0,1012
183,2016,Gujarat,24,Patan,455,Patan,20,20,1,0,20,0,34,15,1,34,77,185,8,26,15,13,9,3,10,68,2,23,0,59,0,133,0,0,4,0,273,0,0,1449
184,2016,Gujarat,24,Porbandar,456,Porbandar,14,7,3,0,7,0,20,2,0,4,31,56,2,17,7,9,0,1,4,16,0,11,0,56,0,54,0,0,2,0,113,0,1,1058
185,2016,Gujarat,24,Rajkot,457,Rajkot City,54,47,5,0,42,0,122,7,0,49,242,927,21,67,197,38,30,6,15,74,0,29,0,168,0,153,0,0,60,0,566,0,2,878
186,2016,Gujarat,24,Rajkot,457,Rajkot Rural,27,46,1,1,28,0,81,9,2,33,88,190,11,47,67,16,1,1,4,39,0,24,0,177,0,179,0,0,11,0,1003,0,1,1203
187,2016,Gujarat,24,Sabar Kantha,458,Sabarkantha,30,16,4,0,21,0,69,16,0,41,158,393,11,73,13,82,10,0,7,36,0,37,0,149,0,213,0,0,2,0,273,0,0,1281
188,2016,Gujarat,24,Surat,459,Surat City,102,44,1,0,121,0,270,5,2,63,201,1174,9,55,33,391,25,7,7,190,0,55,0,195,0,277,0,0,30,0,459,0,5,16123
189,2016,Gujarat,24,Surat,459,Surat Rural,38,19,1,0,13,1,50,8,1,22,137,275,1,19,16,41,17,1,5,53,0,22,0,21,0,420,0,0,2,0,752,0,2,886
190,2016,Gujarat,24,Surendranagar,460,Surendranagar,38,46,1,0,25,0,41,12,1,28,82,136,9,48,17,5,6,1,13,93,1,32,0,42,0,208,0,2,11,0,351,0,0,1142
191,2016,Gujarat,24,Tapi,641,Tapi,19,6,0,0,14,0,11,2,1,2,28,44,6,2,11,7,0,2,2,14,0,6,0,5,0,145,0,0,2,0,141,0,1,288
192,2016,Gujarat,24,Vadodara,461,Vadodara City,14,35,4,0,16,1,150,16,3,134,389,1360,9,122,20,222,2,2,12,119,0,120,2,221,0,202,0,0,16,0,686,0,2,9826
193,2016,Gujarat,24,Vadodara,461,Vadodara Rural,22,13,1,0,19,0,41,4,0,8,53,146,5,23,6,26,5,1,0,60,0,19,1,27,0,290,0,1,1,0,298,0,1,3053
194,2016,Gujarat,24,Valsad,462,Valsad,29,11,0,0,25,0,92,12,1,26,185,332,7,34,40,34,55,5,14,101,0,39,0,15,0,349,0,0,5,0,287,0,0,1232
195,2016,Gujarat,24,Ahmadabad,438,W.Rly  Ahmedabad,4,2,0,0,1,0,2,0,0,18,7,408,0,1,1,4,0,0,0,2,0,6,0,0,0,1,0,0,0,0,2,0,0,94
196,2016,Gujarat,24,Vadodara,461,W.Rly Vadodara,4,0,1,0,0,0,5,2,2,35,4,883,0,1,2,4,0,1,0,4,0,9,1,1,0,0,0,0,0,0,0,0,0,50
197,2016,Haryana,6,Ambala,58,Ambala (Urban),22,43,7,1,25,5,62,4,0,14,300,473,0,33,106,96,30,0,20,147,5,48,7,70,0,299,0,0,5,0,294,1,1,844
198,2016,Haryana,6,Bhiwani,59,Bhiwani,62,41,2,0,51,17,74,15,2,50,379,503,0,200,27,88,39,1,58,107,22,93,1,127,0,231,0,3,8,0,362,0,16,1281
199,2016,Haryana,6,Faridabad,60,Faridabad,64,66,4,0,144,8,360,15,10,49,463,2468,0,196,244,115,156,3,17,214,23,131,8,418,0,228,1,1,43,0,437,1,9,1915
200,2016,Haryana,6,Fatehabad,61,Fatehabad,22,21,1,0,39,1,34,7,1,14,201,355,0,67,16,107,1,3,13,26,4,69,1,81,0,106,0,0,7,0,167,1,9,1033
201,2016,Haryana,6,Ambala,58,G. R. P.,23,5,1,0,0,0,17,4,5,22,0,641,0,27,4,15,0,0,0,10,4,6,0,0,0,16,0,0,0,0,41,0,0,729
202,2016,Haryana,6,Gurugram,62,Gurgaon,108,82,4,1,201,15,394,15,2,91,714,5134,0,238,176,624,4,2,12,107,20,316,55,315,0,432,1,1,64,0,791,2,10,2532
203,2016,Haryana,6,Hisar,63,Hissar,56,41,1,0,70,2,76,9,7,41,474,1198,0,106,28,264,2,3,90,231,14,101,3,244,0,240,1,3,26,0,400,2,13,1708
204,2016,Haryana,6,Jhajjar,64,Jhajjar,65,53,1,1,27,1,37,7,5,53,164,389,0,95,21,182,0,0,102,84,22,57,3,144,0,238,0,1,8,0,259,0,7,571
205,2016,Haryana,6,Jind,65,Jind,57,37,4,0,31,7,95,4,4,42,328,710,0,164,120,116,0,1,32,32,13,53,0,103,0,179,2,0,8,0,206,0,1,1009
206,2016,Haryana,6,Kaithal,66,Kaithal,24,29,1,0,42,1,104,5,0,16,261,498,0,0,91,69,19,0,20,65,6,59,0,96,0,171,0,1,10,0,206,0,4,634
207,2016,Haryana,6,Karnal,67,Karnal,69,65,1,1,89,18,496,15,1,48,471,1159,0,85,20,372,101,0,17,222,17,116,18,218,0,362,0,2,17,0,403,0,11,1129
208,2016,Haryana,6,Kurukshetra,68,Kurukshetra,24,25,1,0,28,8,103,5,4,17,398,866,0,0,97,105,50,2,18,110,6,55,2,179,0,214,0,0,3,0,301,1,0,894
209,2016,Haryana,6,Mahendragarh,69,Mahendergarh,25,7,0,0,16,5,35,2,0,11,195,399,0,133,33,73,66,0,20,60,9,38,2,75,0,198,0,0,4,0,264,0,4,618
210,2016,Haryana,6,Nuh,604,Mewat,30,20,1,0,46,1,57,17,3,5,86,420,0,182,10,24,37,1,4,43,12,41,0,68,0,178,0,1,13,0,295,1,2,582
211,2016,Haryana,6,Palwal,619,Palwal,62,67,0,1,32,4,81,7,5,4,225,1088,0,239,67,60,51,1,11,63,15,116,0,119,0,188,0,0,25,0,316,0,4,1011
347,2016,Kerala,32,Thiruvananthapuram,565,Crime Branch,5,1,1,0,2,0,0,0,0,0,3,2,1,9,62,43,10,1,0,3,0,0,0,0,0,3,0,0,0,0,0,0,0,14
212,2016,Haryana,6,Panchkula,70,Panchkula,13,11,0,0,20,0,45,1,2,2,104,256,0,0,1,89,28,1,4,19,1,21,3,67,0,100,0,0,2,0,129,1,1,518
213,2016,Haryana,6,Panipat,71,Panipat,56,43,2,0,57,3,639,5,26,6,415,1148,0,115,30,191,45,3,23,35,11,102,6,217,0,286,0,1,13,0,301,0,2,952
214,2016,Haryana,6,Rewari,72,Rewari,25,28,3,0,47,7,39,8,3,43,231,694,0,104,10,55,22,0,10,127,14,69,7,92,0,271,0,0,13,0,385,0,1,562
215,2016,Haryana,6,Rohtak,73,Rohtak,75,64,5,0,61,10,451,22,0,73,472,1297,0,662,30,184,2,1,560,41,15,125,1,201,0,213,9,2,20,0,308,1,9,1085
216,2016,Haryana,6,Sirsa,74,Sirsa,37,27,0,0,48,6,68,0,3,22,278,430,0,36,14,66,81,2,11,91,5,66,4,134,0,107,0,0,11,0,153,0,5,972
217,2016,Haryana,6,Sonipat,75,Sonipat,107,82,2,1,75,6,198,4,6,59,380,819,0,162,25,153,0,0,22,136,17,106,2,224,0,400,0,0,14,0,390,1,9,1299
218,2016,Haryana,6,Yamunanagar,76,Yamunanagar,31,32,1,0,38,12,467,6,0,52,398,796,0,0,14,107,26,0,6,82,5,72,1,121,0,222,0,0,6,0,259,0,2,846
219,2016,Haryana,6,Gurugram,62,Irrigation  And Power,0,0,0,0,0,0,0,0,0,0,0,0,0,0,0,0,0,0,0,0,0,0,0,0,0,0,0,0,0,0,0,0,0,201
220,2016,Himachal Pradesh,2,Solan,25,Baddi,8,2,0,0,12,0,14,1,0,1,23,40,0,26,24,12,2,0,1,11,0,13,2,12,0,77,0,0,0,0,118,0,1,192
221,2016,Himachal Pradesh,2,Bilaspur,15,Bilaspur,3,8,0,0,15,0,25,0,0,2,29,36,3,38,1,25,0,3,12,27,1,36,5,22,0,32,0,0,0,0,185,0,0,541
222,2016,Himachal Pradesh,2,Chamba,16,Chamba,3,4,0,0,25,0,14,0,0,0,61,16,0,27,5,24,1,0,5,27,0,22,0,8,0,55,0,0,0,0,76,0,1,254
223,2016,Himachal Pradesh,2,Shimla,23,C. I. D.,0,0,0,0,0,0,0,0,0,0,0,0,0,0,0,0,0,0,0,0,0,0,0,0,0,0,0,0,0,0,0,0,0,12
224,2016,Himachal Pradesh,2,Shimla,23,G. R. P.,0,0,0,0,0,0,0,0,0,1,0,1,0,1,0,0,0,0,0,0,0,0,0,0,0,0,0,0,0,0,0,0,0,7
225,2016,Himachal Pradesh,2,Hamirpur,17,Hamirpur,4,4,0,0,13,0,14,0,0,0,23,6,6,11,3,17,2,0,15,41,1,25,4,12,0,34,0,0,0,0,108,0,3,356
226,2016,Himachal Pradesh,2,Kangra,18,Kangra,21,15,0,1,41,2,48,0,0,0,122,79,0,69,16,55,12,0,19,82,0,65,18,39,0,133,0,0,0,0,403,0,4,1171
227,2016,Himachal Pradesh,2,Kinnaur,19,Kinnaur,4,1,0,0,8,1,3,0,0,0,9,9,13,17,4,4,0,0,0,11,0,3,0,3,0,18,0,0,0,0,29,0,0,94
228,2016,Himachal Pradesh,2,Kullu,20,Kullu,6,2,0,0,17,0,18,0,0,0,34,30,0,15,3,12,0,0,6,16,0,24,1,15,0,64,0,0,0,0,130,0,0,364
229,2016,Himachal Pradesh,2,Lahul And Spiti,21,Lahaul  And Spiti,0,0,2,0,1,0,1,0,0,0,0,2,0,2,0,0,0,0,0,2,0,0,0,0,0,11,0,0,0,0,7,0,0,78
230,2016,Himachal Pradesh,2,Mandi,22,Mandi,9,7,0,0,30,0,45,1,0,1,68,36,12,48,5,56,1,1,8,52,1,91,16,23,0,67,0,0,4,0,400,0,2,939
231,2016,Himachal Pradesh,2,Shimla,23,Shimla,17,5,0,0,28,0,43,0,0,0,69,58,6,52,30,46,10,0,10,30,0,44,2,25,0,143,1,0,1,0,360,0,2,1257
232,2016,Himachal Pradesh,2,Sirmaur,24,Sirmaur,7,10,1,0,34,0,28,0,0,4,35,60,0,44,10,19,1,0,3,22,0,37,0,21,0,66,0,0,1,0,176,0,0,276
233,2016,Himachal Pradesh,2,Solan,25,Solan,9,3,0,0,13,0,16,0,0,1,43,62,2,14,9,17,8,0,7,17,0,22,0,3,0,45,0,0,1,0,191,0,1,326
234,2016,Himachal Pradesh,2,Una,26,Una,10,5,0,0,15,0,21,1,0,1,39,45,2,31,9,59,1,0,8,33,0,28,1,31,0,108,0,0,2,0,188,0,0,419
235,2016,Jammu And Kashmir,1,Anantnag,1,Anantnag,6,93,0,0,6,2,63,0,0,4,74,89,0,276,3,17,0,0,36,0,0,84,11,10,0,22,0,0,0,0,175,0,0,405
236,2016,Jammu And Kashmir,1,Pulwama,11,Awantipora,4,13,0,0,4,0,22,0,0,2,10,32,0,136,1,5,0,0,4,0,0,43,0,2,0,15,0,0,0,0,81,0,0,150
237,2016,Jammu And Kashmir,1,Bandipora,623,Bandipora,6,8,0,0,4,0,26,0,0,1,25,27,0,112,2,9,0,0,10,0,0,24,2,2,0,9,0,0,0,0,41,0,0,179
238,2016,Jammu And Kashmir,1,Baramulla,3,Baramulla,5,14,2,0,6,0,45,0,0,2,69,70,0,388,3,23,0,0,15,3,0,87,14,10,0,9,0,0,0,0,172,0,3,329
239,2016,Jammu And Kashmir,1,Budgam,2,Budgam,3,85,3,0,10,0,42,0,0,6,125,127,0,152,3,7,4,1,16,1,0,50,3,5,0,7,0,0,0,0,83,0,0,342
243,2016,Jammu And Kashmir,1,Ganderbal,626,Ganderbal,1,9,0,0,0,3,27,0,0,0,17,26,0,69,0,1,0,0,8,0,0,81,0,11,0,9,0,0,0,0,52,0,0,209
244,2016,Jammu And Kashmir,1,Kupwara,8,Handwara,8,9,0,0,5,0,22,0,0,0,16,57,0,172,1,6,0,0,8,0,0,55,2,3,0,8,0,0,0,0,81,0,0,283
245,2016,Jammu And Kashmir,1,Jammu,5,Jammu,30,72,0,0,43,0,115,0,0,3,192,412,0,61,17,117,0,3,17,12,2,120,27,91,0,155,0,0,0,0,1120,0,1,1241
246,2016,Jammu And Kashmir,1,Kargil,6,Kargil,0,0,0,0,0,0,1,0,0,0,5,3,0,3,0,2,0,0,0,0,0,0,0,0,0,22,0,0,0,0,39,0,0,12
247,2016,Jammu And Kashmir,1,Kathua,7,Kathua,7,7,0,0,10,7,40,1,0,1,59,72,0,22,7,27,0,0,11,11,2,40,11,15,0,65,0,0,0,0,405,0,3,375
248,2016,Jammu And Kashmir,1,Kishtwar,620,Kishtwar,1,5,0,0,10,0,15,0,0,0,21,13,0,0,2,6,0,0,5,0,0,18,3,8,0,3,0,0,0,0,75,0,0,116
249,2016,Jammu And Kashmir,1,Kulgam,622,Kulgam,5,13,0,0,6,0,42,3,0,11,45,45,0,208,3,9,0,1,13,0,0,82,7,1,0,15,0,0,0,0,134,0,2,245
250,2016,Jammu And Kashmir,1,Kupwara,8,Kupwara,9,32,1,0,14,0,37,0,0,0,26,44,0,345,2,5,0,0,10,0,0,20,1,12,0,2,0,0,0,0,109,0,2,243
251,2016,Jammu And Kashmir,1,Leh Ladakh,9,Leh,1,2,0,0,2,0,2,0,0,1,8,0,0,0,0,4,0,0,0,1,0,4,1,0,0,35,0,0,0,0,59,0,0,15
252,2016,Jammu And Kashmir,1,Poonch,10,Poonch,4,17,2,0,11,0,32,0,0,0,25,23,0,53,2,17,0,0,8,62,0,38,3,24,0,24,0,0,0,0,184,0,2,302
253,2016,Jammu And Kashmir,1,Pulwama,11,Pulwama,7,20,0,0,2,0,18,1,0,5,28,32,0,220,0,5,0,1,5,58,0,27,1,2,0,8,0,0,0,0,66,0,1,94
254,2016,Jammu And Kashmir,1,Jammu,5,Railways Jammu,0,1,0,0,0,0,0,0,0,0,0,12,0,0,0,1,0,0,0,0,0,0,0,0,0,0,0,0,0,0,1,0,0,6
255,2016,Jammu And Kashmir,1,Jammu,5,Railways Kashmir,0,0,0,0,0,0,0,0,0,0,0,9,0,14,0,0,0,0,0,0,0,1,0,0,0,0,0,0,0,0,0,0,0,6
256,2016,Jammu And Kashmir,1,Reasi,627,Railways Katra,1,0,0,0,0,0,0,0,0,0,0,1,0,0,0,0,0,0,0,0,0,1,0,0,0,0,0,0,0,0,0,0,0,1
257,2016,Jammu And Kashmir,1,Rajouri,12,Rajouri,11,34,4,0,37,1,49,1,0,0,53,71,0,21,2,12,9,0,16,14,0,54,9,39,0,46,5,0,0,0,316,0,1,744
258,2016,Jammu And Kashmir,1,Ramban,621,Ramban,2,6,0,0,13,0,17,0,0,0,15,25,0,4,4,6,6,0,1,3,0,23,5,5,0,55,4,0,0,0,192,0,0,199
259,2016,Jammu And Kashmir,1,Reasi,627,Reasi,2,5,0,0,11,1,18,0,0,0,28,27,0,5,0,15,0,0,2,5,0,16,0,4,0,26,4,0,0,0,222,0,2,221
260,2016,Jammu And Kashmir,1,Samba,624,Samba,3,15,0,0,11,0,15,0,0,4,36,48,0,15,2,11,0,0,1,4,2,11,7,1,0,0,0,0,0,0,290,0,0,183
261,2016,Jammu And Kashmir,1,Shopian,625,Shopian,1,45,0,0,7,0,18,0,0,3,12,67,0,181,8,10,0,0,7,0,0,56,0,11,0,3,0,0,0,0,40,0,0,131
262,2016,Jammu And Kashmir,1,Bandipora,623,Sopore,3,19,0,0,2,0,32,0,0,7,41,94,0,531,5,18,0,1,7,0,0,79,5,9,0,6,0,0,0,0,79,0,1,167
263,2016,Jammu And Kashmir,1,Srinagar,13,Srinagar,10,27,6,0,8,1,55,0,0,9,211,308,0,409,6,56,0,0,55,4,0,163,23,42,0,49,3,5,0,0,275,0,2,897
264,2016,Jammu And Kashmir,1,Udhampur,14,Udhampur,5,12,3,0,20,2,29,0,0,0,60,67,0,0,2,9,0,0,3,5,0,32,14,28,0,58,0,0,0,0,414,0,3,372
265,2016,Jharkhand,20,Bokaro,322,Bokaro,54,2,0,0,64,5,84,11,0,29,123,624,0,109,3,187,26,0,16,0,15,24,0,69,0,2,0,0,37,0,0,0,0,1109
266,2016,Jharkhand,20,West Singhbhum,343,Chaibasa,104,5,0,0,74,0,27,11,0,14,18,118,0,8,10,18,16,1,1,14,3,4,0,18,0,83,0,0,6,0,73,4,0,137
267,2016,Jharkhand,20,Chatra,323,Chatra,51,0,0,0,25,0,38,8,0,22,37,139,0,117,0,82,0,0,0,0,12,12,0,24,0,60,0,0,19,0,62,0,0,659
268,2016,Jharkhand,20,Deoghar,324,Deoghar,54,39,5,0,55,4,94,9,0,28,112,417,8,108,12,45,60,0,12,181,23,107,1,110,0,103,0,0,43,0,113,0,1,910
269,2016,Jharkhand,20,Dhanbad,325,Dhanbad,74,58,0,0,110,49,159,21,2,30,169,929,7,58,74,168,195,0,20,32,30,129,2,71,0,65,0,0,42,0,394,0,0,1284
270,2016,Jharkhand,20,Dhanbad,325,Dhanbad Railway,11,5,0,0,2,0,2,5,0,9,8,303,0,0,0,2,0,0,0,4,1,3,1,0,0,2,0,1,0,0,0,1,1,42
271,2016,Jharkhand,20,Dumka,326,Dumka,48,8,0,0,27,6,37,8,0,18,45,195,0,42,1,39,2,2,0,21,14,14,0,25,0,110,0,0,14,0,165,0,0,600
272,2016,Jharkhand,20,Garhwa,328,Garhwa,59,0,0,0,48,13,72,2,0,20,35,125,0,207,0,171,0,0,0,2,15,47,0,51,0,0,0,0,49,0,0,0,0,1131
273,2016,Jharkhand,20,Giridih,329,Giridih,74,99,0,0,60,17,82,23,0,35,83,367,0,267,20,66,21,0,14,19,34,27,0,70,0,158,0,0,56,0,85,0,0,1362
274,2016,Jharkhand,20,Godda,330,Godda,54,0,0,0,46,0,66,6,0,20,68,194,0,98,0,27,0,0,0,0,3,0,0,18,0,0,0,0,8,0,0,0,0,637
275,2016,Jharkhand,20,Gumla,331,Gumla,148,36,3,0,54,3,67,6,0,22,24,203,0,11,2,31,13,0,11,0,3,12,0,7,0,118,0,0,39,0,66,59,1,191
276,2016,Jharkhand,20,Hazaribagh,332,Hazaribagh,55,66,1,0,54,12,111,23,4,27,116,539,6,148,3,262,6,0,20,131,13,22,0,41,0,208,0,0,31,0,111,0,0,855
277,2016,Jharkhand,20,East Singhbum,327,Jamshedpur,93,29,4,0,67,15,70,4,0,33,167,991,0,119,37,635,34,0,22,731,20,40,0,98,0,174,0,0,35,0,0,0,3,363
278,2016,Jharkhand,20,East Singhbum,327,Jamshedpur Railway,7,0,0,0,0,0,0,0,0,3,6,120,0,0,1,1,0,0,0,0,0,4,0,1,0,1,0,0,3,0,0,3,1,18
279,2016,Jharkhand,20,Jamtara,333,Jamtara,15,60,3,0,19,13,33,5,0,12,26,152,21,97,6,51,22,0,3,25,9,62,0,57,0,28,0,0,20,0,30,1,0,115
280,2016,Jharkhand,20,Khunti,606,Khunti,67,23,0,0,21,0,9,0,0,14,12,59,0,4,0,9,0,0,2,0,0,0,0,2,0,59,0,0,9,0,0,4,0,50
281,2016,Jharkhand,20,Koderma,334,Koderma,24,21,0,0,14,0,38,4,0,9,27,114,420,47,0,118,0,0,1,14,12,0,0,19,0,65,0,0,3,0,63,0,0,243
282,2016,Jharkhand,20,Latehar,335,Latehar,42,0,0,0,25,0,33,9,0,13,12,102,0,23,0,15,34,0,2,0,4,10,0,10,0,63,0,0,8,0,73,5,0,218
283,2016,Jharkhand,20,Lohardaga,336,Lohardagga,36,17,0,0,46,0,32,2,0,14,14,121,0,26,7,36,0,0,0,2,5,14,0,10,0,74,0,0,10,0,38,0,0,140
284,2016,Jharkhand,20,Pakur,337,Pakur,24,74,8,0,43,9,22,5,0,7,16,151,0,5,7,28,0,0,0,10,3,41,0,63,0,57,0,0,11,0,0,3,0,187
285,2016,Jharkhand,20,Palamu,338,Palamu,93,94,4,0,26,2,47,12,0,51,53,158,0,87,32,39,28,0,5,94,33,12,0,19,0,93,0,0,14,0,81,0,0,835
286,2016,Jharkhand,20,Ramgarh,607,Ramgarh,32,49,2,5,17,14,47,7,0,22,67,254,9,9,29,30,21,0,5,7,8,40,0,15,0,135,0,0,14,0,49,0,0,231
287,2016,Jharkhand,20,Ranchi,339,Ranchi,123,92,0,0,103,0,64,21,5,68,92,481,34,66,22,65,57,0,5,72,6,0,0,38,0,105,0,0,42,0,357,56,0,492
288,2016,Jharkhand,20,Sahebganj,340,Sahebganj,33,61,1,0,53,15,43,4,1,8,17,107,0,54,7,64,5,5,2,0,2,10,0,109,0,39,0,0,2,0,54,3,0,585
289,2016,Jharkhand,20,Saraikela Kharsawan,341,Saraikela,73,45,0,1,28,2,26,0,0,18,51,273,11,9,8,40,25,0,1,5,8,33,9,37,0,130,0,0,48,0,71,3,0,171
290,2016,Jharkhand,20,Simdega,342,Simdega,66,2,0,0,28,0,6,4,0,5,8,49,0,2,11,25,0,0,1,0,2,0,0,20,0,0,0,0,22,0,116,18,0,139
291,2016,Karnataka,29,Bagalkote,524,Bagalkot,37,47,1,0,27,0,39,5,0,15,77,242,0,139,7,76,11,1,10,26,3,101,0,54,0,342,1,0,0,0,534,0,0,288
292,2016,Karnataka,29,Bengaluru Urban,525,Bengaluru City,229,590,20,1,321,3,974,101,340,789,1647,10578,19,524,105,3309,52,39,137,220,57,820,51,489,0,943,3,4,151,2,4546,6,2,18725
293,2016,Karnataka,29,Bengaluru Urban,525,Bengaluru District,72,76,6,0,59,0,178,10,26,96,289,737,0,261,34,343,20,2,25,16,6,124,0,101,0,670,0,0,0,0,1682,0,0,951
294,2016,Karnataka,29,Belagavi,527,Belagavi District,73,101,1,0,65,0,64,6,1,20,140,220,0,370,22,128,12,1,12,110,2,180,3,130,0,629,0,0,4,0,1407,0,1,675
295,2016,Karnataka,29,Ballari,528,Ballari,39,78,3,4,62,0,104,5,2,46,165,274,0,246,23,163,9,0,5,9,9,126,6,46,0,337,0,0,2,0,835,0,0,528
296,2016,Karnataka,29,Bidar,529,Bidar,50,84,1,63,17,4,51,2,6,24,117,196,0,159,11,60,2,0,12,43,8,78,5,89,0,271,0,0,8,0,1101,0,0,1102
297,2016,Karnataka,29,Vijayapura,530,Vijayapura,75,65,1,0,50,0,58,7,6,28,117,253,0,225,5,77,7,0,6,54,3,102,3,114,0,374,0,0,0,0,791,0,0,540
298,2016,Karnataka,29,Chikkaballapura,630,Chikkaballapura,38,52,0,0,73,0,50,1,4,34,88,177,0,218,5,78,8,1,14,13,6,63,0,21,0,242,0,0,6,0,483,0,0,597
299,2016,Karnataka,29,Chamarajanagara,531,Chamarajnagar,26,62,0,0,20,1,23,2,0,14,56,103,27,97,2,108,2,0,5,12,3,123,0,16,0,141,0,0,0,0,425,1,0,442
300,2016,Karnataka,29,Chikkamagaluru,532,Chikkamagaluru,32,65,6,0,50,0,52,14,1,33,118,219,0,125,4,84,11,0,12,20,5,209,2,74,0,204,0,0,0,0,753,0,0,819
301,2016,Karnataka,29,Chitradurga,533,Chitradurga,32,34,2,0,32,0,109,6,0,55,116,307,0,209,10,80,9,2,10,10,12,239,2,55,0,364,0,0,0,0,1429,0,0,825
302,2016,Karnataka,29,Dakshina Kannada,534,Dakshina Kannada,18,28,0,0,34,0,19,8,3,21,93,179,0,100,7,62,7,2,4,8,0,65,5,19,0,170,0,1,1,0,831,0,1,424
303,2016,Karnataka,29,Davangere,535,Davanagere,40,35,0,0,42,0,83,2,2,27,117,282,0,232,7,95,13,0,13,44,3,182,0,62,0,301,1,1,4,0,907,0,0,497
304,2016,Karnataka,29,Dharwad,536,Dharwad,21,29,0,0,13,0,23,2,0,8,33,96,0,99,2,29,2,1,1,22,1,29,0,29,0,175,0,0,0,0,318,0,0,173
305,2016,Karnataka,29,Gadag,537,Gadag,17,32,0,0,23,0,25,3,0,11,73,274,0,113,6,30,4,1,2,14,0,47,0,25,0,153,0,0,0,0,242,0,0,134
306,2016,Karnataka,29,Kalaburagi,538,Kalaburgi,81,99,3,2,57,3,52,6,19,65,161,280,0,311,16,55,30,2,10,53,7,130,10,111,0,335,0,0,0,0,1055,0,1,847
307,2016,Karnataka,29,Hassan,539,Hassan,60,108,0,0,49,0,79,10,3,51,196,277,0,164,9,145,0,3,26,64,10,253,0,95,0,445,0,0,2,0,1766,0,0,1365
308,2016,Karnataka,29,Haveri,540,Haveri,25,70,1,0,40,0,22,4,0,15,73,398,0,254,10,63,0,0,0,25,3,67,0,33,0,238,0,0,0,0,647,0,0,342
309,2016,Karnataka,29,Dharwad,536,Hubballi Dharwad City,26,53,1,0,19,0,32,9,1,112,147,363,0,114,12,193,19,0,5,35,0,49,4,45,0,115,0,2,0,0,419,3,1,283
310,2016,Karnataka,29,Belagavi,527,K.G.F.,14,17,0,0,12,1,9,2,0,9,47,55,0,28,0,38,1,0,2,14,3,20,2,3,0,57,0,0,1,0,114,0,0,181
311,2016,Karnataka,29,Kodagu,541,Kodagu,29,54,0,0,23,0,32,4,0,21,82,214,0,16,3,76,4,0,10,19,1,58,0,19,0,99,0,0,0,0,488,0,0,596
312,2016,Karnataka,29,Kolar,542,Kolar,27,35,2,0,28,0,47,1,3,19,65,142,0,163,12,78,15,2,3,17,4,47,0,12,0,253,0,0,0,0,483,0,0,441
313,2016,Karnataka,29,Koppal,543,Koppal,20,35,0,1,35,0,27,4,0,11,57,141,0,143,4,68,3,1,3,23,2,81,4,49,0,189,0,0,0,0,457,0,0,331
314,2016,Karnataka,29,Mandya,544,Mandya,59,88,2,1,48,4,82,15,4,54,246,418,0,127,8,117,13,0,33,28,9,401,2,104,0,458,0,0,3,0,1601,0,0,1392
315,2016,Karnataka,29,Dakshina Kannada,534,Mangaluru City,24,91,0,0,28,0,59,19,11,79,154,229,3,142,18,231,16,22,5,10,0,122,10,38,0,188,0,0,1,0,1148,1,0,726
316,2016,Karnataka,29,Mysuru,545,Mysuru City,25,42,3,0,50,0,128,9,4,95,117,583,0,68,4,283,4,2,11,20,6,125,4,29,0,105,0,1,4,0,612,0,1,548
317,2016,Karnataka,29,Mysuru,545,Mysuru District,60,52,4,0,45,0,59,10,1,27,189,427,0,210,2,89,15,1,14,32,5,187,3,72,0,357,0,0,0,0,882,1,0,1120
318,2016,Karnataka,29,Raichur,546,Raichur,49,50,0,2,46,0,49,6,0,20,142,166,0,291,6,103,7,0,9,44,9,218,5,117,0,273,0,0,3,0,522,5,0,700
319,2016,Karnataka,29,Bengaluru Urban,525,K.Railways,15,5,2,0,2,0,4,1,8,96,7,1180,0,1,0,6,0,6,0,6,0,5,0,0,0,11,0,0,0,0,5,0,1,61
320,2016,Karnataka,29,Ramanagara,631,Ramanagara,70,61,2,0,30,0,107,14,26,54,223,439,0,234,3,153,16,1,13,42,9,174,15,63,0,428,0,0,0,0,1433,0,0,877
321,2016,Karnataka,29,Shivamogga,547,Shimoga,43,124,5,0,103,0,75,9,20,53,281,304,0,276,4,194,7,0,24,58,11,378,4,186,0,315,1,0,12,0,1625,1,0,1400
322,2016,Karnataka,29,Tumakuru,548,Tumakuru,69,76,2,0,48,0,88,11,16,46,144,274,0,147,10,149,13,0,14,35,22,76,3,68,0,642,0,0,12,0,1531,2,0,972
462,2016,Meghalaya,17,South West Garo Hills,663,Garo Hills South West,3,3,1,0,2,0,10,2,0,1,2,28,0,0,0,1,1,0,0,2,0,4,0,3,0,9,0,0,5,0,11,0,0,9
323,2016,Karnataka,29,Udupi,549,Udupi,17,21,0,0,30,0,25,2,2,31,115,107,0,65,5,121,9,3,3,20,1,112,7,42,0,273,0,0,2,0,1090,0,0,426
324,2016,Karnataka,29,Uttara Kannada,550,Uttara Kannada,23,33,5,0,29,0,41,10,0,25,109,103,0,155,10,73,26,1,7,34,3,99,6,39,0,244,0,1,1,0,1105,0,0,509
325,2016,Karnataka,29,Yadgir,635,Yadgiri,18,48,3,0,24,0,14,1,0,5,57,173,0,99,3,33,2,1,2,33,8,117,0,42,0,132,0,0,3,0,268,0,0,241
326,2016,Karnataka,29,Belagavi,527,Belagavi City,20,67,1,0,21,0,33,8,0,48,129,277,0,138,6,127,3,1,9,39,3,53,4,65,0,170,0,12,1,0,659,0,0,376
327,2016,Kerala,32,Alappuzha,554,Alapuzha,14,34,5,191,97,6,18,5,0,32,136,187,9,209,8,224,15,0,36,137,3,194,15,138,0,292,0,0,3,0,3005,1,8,7709
328,2016,Kerala,32,Ernakulam,555,Ernakulam Commr.,10,26,4,42,62,0,14,7,11,42,78,239,139,32,15,553,9,0,6,80,1,162,23,111,0,138,1,5,15,0,2144,6,8,12069
329,2016,Kerala,32,Ernakulam,555,Ernakulam Rural,25,36,17,125,112,4,14,4,0,52,207,255,0,253,9,335,33,1,20,181,0,207,46,146,0,281,0,0,5,0,3221,0,16,21094
330,2016,Kerala,32,Idukki,556,Idukki,10,35,1,58,87,2,8,3,0,14,150,182,0,248,9,238,2,4,16,94,0,198,11,158,0,77,0,0,0,0,1019,0,9,7426
331,2016,Kerala,32,Kannur,557,Kannur,22,42,7,217,76,6,11,7,1,74,129,132,0,545,47,153,5,4,61,60,1,164,15,255,0,189,0,2,0,0,1619,0,8,5225
332,2016,Kerala,32,Kasaragod,558,Kasargod,12,35,4,75,73,0,16,3,0,28,117,431,0,550,5,119,27,0,56,29,1,165,20,131,0,108,0,5,2,0,824,1,9,3632
333,2016,Kerala,32,Kollam,559,Kollam Commr.,16,31,8,110,76,0,12,3,0,42,78,119,0,174,1,108,15,0,11,100,3,180,17,182,0,157,1,4,0,0,1389,0,3,13979
334,2016,Kerala,32,Kollam,559,Kollam Rural,18,22,7,92,79,0,7,1,4,14,100,104,0,211,1,124,8,0,23,140,1,262,14,166,0,144,0,4,1,0,1181,0,13,8754
335,2016,Kerala,32,Kottayam,560,Kottayam,22,36,8,83,87,1,13,6,7,44,144,240,38,215,10,257,8,3,15,120,1,212,28,127,0,200,0,7,0,0,2264,7,8,23225
336,2016,Kerala,32,Kozhikode,561,Kozhikode Commr.,3,9,1,59,52,0,7,0,5,62,103,176,3,189,9,121,11,1,26,27,2,109,19,161,0,134,2,6,1,0,1229,0,6,5603
337,2016,Kerala,32,Kozhikode,561,Kozhikode Rural,8,43,8,284,61,6,20,1,1,35,132,212,0,448,8,141,17,1,95,51,0,245,12,275,0,160,0,2,0,0,1363,0,6,3099
338,2016,Kerala,32,Malappuram,562,Malappuram,25,39,11,76,160,1,21,10,1,67,235,287,25,775,6,277,25,6,30,124,1,275,20,436,0,353,1,5,0,0,2356,0,65,4507
339,2016,Kerala,32,Palakkad,563,Palakkad,21,48,9,71,122,0,17,0,0,89,178,206,0,389,37,246,13,2,27,99,3,126,11,267,0,314,2,3,0,0,2049,1,10,14656
340,2016,Kerala,32,Pathanamthitta,564,Pathanamthitta,12,31,3,80,82,0,4,2,8,28,117,146,29,94,5,192,15,3,18,136,1,202,7,79,0,116,0,1,0,0,1444,1,0,6394
341,2016,Kerala,32,Thiruvananthapuram,565,Railways,0,0,0,1,0,1,1,0,0,12,0,155,0,1,0,4,0,0,0,2,0,36,7,0,0,0,0,0,0,0,0,4,0,83
342,2016,Kerala,32,Thrissur,566,Thrissur Commr.,5,17,5,43,46,1,2,4,2,24,74,114,44,68,7,237,9,1,14,55,1,67,10,67,0,105,0,0,7,2,1146,1,3,10171
343,2016,Kerala,32,Thrissur,566,Thrissur Rural,24,37,20,16,96,4,9,3,0,41,154,218,109,188,3,500,11,2,36,171,2,258,13,281,0,254,0,2,2,0,2493,0,11,12534
344,2016,Kerala,32,Thiruvananthapuram,565,Trivandrum Commr.,15,20,3,115,66,2,10,6,5,71,118,241,182,21,10,275,27,10,11,64,1,250,20,117,0,128,0,1,9,0,2219,0,2,13849
345,2016,Kerala,32,Thiruvananthapuram,565,Trivandrum Rural,28,62,8,251,138,5,24,5,6,116,228,208,74,206,7,348,12,4,41,178,3,540,12,262,0,234,0,1,4,1,2477,2,17,12321
346,2016,Kerala,32,Wayanad,567,Wayanadu,10,18,2,19,82,3,13,1,0,21,98,82,0,264,15,128,5,0,12,44,0,177,8,96,0,69,4,2,0,0,816,0,5,1899
348,2016,Madhya Pradesh,23,Agar-Malwa,667,Agar,19,15,0,2,34,0,12,0,0,9,43,131,0,22,1,7,0,0,8,15,3,76,12,28,0,65,0,0,0,0,269,0,0,1115
349,2016,Madhya Pradesh,23,Alirajpur,639,Alirajpur,61,15,0,1,52,0,29,1,0,12,46,137,0,9,2,13,0,0,8,41,0,30,2,8,0,121,0,1,0,0,331,0,1,454
350,2016,Madhya Pradesh,23,Anuppur,390,Anuppur,31,11,1,0,72,4,110,4,0,7,169,121,0,19,4,23,1,0,9,30,4,82,3,86,0,50,0,5,1,0,266,0,3,1226
351,2016,Madhya Pradesh,23,Ashoknagar,391,Ashok Nagar,36,21,2,0,77,5,68,0,3,13,88,147,0,22,11,12,0,0,8,201,5,188,2,99,0,117,0,0,0,0,415,0,5,1509
352,2016,Madhya Pradesh,23,Balaghat,392,Balaghat,48,31,5,0,126,2,125,6,0,20,193,270,0,26,12,55,0,0,8,18,6,131,6,113,0,132,0,0,3,0,505,0,1,2026
353,2016,Madhya Pradesh,23,Barwani,393,Barwani,30,16,2,0,76,0,34,1,0,16,90,226,0,20,6,16,0,0,10,45,3,65,5,26,0,188,0,2,1,0,714,0,1,1155
354,2016,Madhya Pradesh,23,Betul,394,Betul,47,19,3,2,97,2,154,0,2,8,107,145,0,4,9,18,3,0,15,11,13,139,7,126,0,235,0,0,1,0,638,0,2,1815
355,2016,Madhya Pradesh,23,Bhind,395,Bhind,43,63,4,4,54,2,98,4,5,36,183,282,0,66,12,55,0,0,14,105,31,113,5,111,0,221,0,0,0,0,0,0,0,3061
356,2016,Madhya Pradesh,23,Bhopal,396,Bhopal,73,138,2,13,286,3,479,3,3,132,981,3476,0,90,30,168,1,10,32,36,26,438,8,355,0,313,0,0,14,0,3462,6,13,6364
357,2016,Madhya Pradesh,23,Bhopal,396,Bhopal Railway,3,5,3,0,11,0,24,2,2,50,13,2302,0,1,1,3,0,0,0,2,0,27,0,2,0,0,0,0,0,0,0,4,1,233
358,2016,Madhya Pradesh,23,Burhanpur,397,Burhanpur,7,13,0,0,24,0,31,1,0,9,45,76,0,5,5,8,0,1,2,32,3,64,0,12,0,72,0,0,0,0,322,0,1,810
359,2016,Madhya Pradesh,23,Chhatarpur,398,Chhatarpur,40,57,0,5,56,6,155,2,1,39,272,165,0,41,4,28,0,1,13,88,23,212,2,76,0,226,0,0,10,0,530,1,3,2398
478,2016,Mizoram,15,Aizawl,261,Spl Narcotic,0,0,0,0,0,0,0,0,0,0,0,0,0,0,0,0,0,0,0,0,0,0,0,0,0,0,0,0,0,0,0,0,0,0
360,2016,Madhya Pradesh,23,Chhindwara,399,Chhindwara,70,39,9,0,160,0,237,4,0,37,238,330,0,37,5,56,0,0,22,201,8,236,12,157,0,351,0,0,0,0,1287,0,1,2640
361,2016,Madhya Pradesh,23,Damoh,400,Damoh,36,36,0,0,36,0,149,1,0,10,128,138,0,16,2,14,0,0,9,55,20,162,0,134,0,171,0,0,0,0,581,0,1,1861
362,2016,Madhya Pradesh,23,Datia,401,Datia,32,32,0,0,25,0,58,0,9,12,50,125,0,0,0,23,0,1,15,52,5,92,0,34,0,82,0,0,0,0,336,0,2,1366
363,2016,Madhya Pradesh,23,Dewas,402,Dewas,26,56,0,2,126,4,82,2,0,29,145,508,0,47,4,59,80,0,17,88,17,224,19,289,0,261,0,9,5,0,1092,3,2,4735
364,2016,Madhya Pradesh,23,Dhar,403,Dhar,75,48,1,2,189,2,191,15,3,40,266,871,1,47,21,19,10,0,37,253,9,195,10,58,0,422,0,0,3,0,1684,1,0,2812
365,2016,Madhya Pradesh,23,Dindori,404,Dindori,18,6,2,0,82,0,54,0,0,2,56,54,0,6,1,10,0,0,5,16,3,113,1,86,0,59,0,0,0,0,478,0,1,1676
366,2016,Madhya Pradesh,23,Guna,406,Guna,33,46,0,0,87,1,85,3,1,37,172,319,0,19,21,28,0,0,19,349,7,193,7,96,0,137,0,1,0,0,554,2,1,1953
367,2016,Madhya Pradesh,23,Gwalior,407,Gwalior,82,110,13,3,155,0,242,6,45,91,525,1684,0,84,53,92,59,3,18,66,30,268,3,406,0,221,0,0,6,0,1506,1,12,5269
368,2016,Madhya Pradesh,23,Harda,408,Harda,15,10,1,0,73,0,86,0,2,15,55,143,0,11,5,10,1,0,5,40,1,72,1,51,0,73,0,4,0,0,236,3,2,991
369,2016,Madhya Pradesh,23,Narmadapuram,409,Hoshangabad,44,46,6,1,89,1,117,1,0,21,150,246,0,17,14,15,5,1,9,71,12,150,3,91,0,184,0,1,2,1,851,0,3,2068
370,2016,Madhya Pradesh,23,Indore,410,Indore,84,89,7,0,236,2,458,3,33,123,1014,4227,0,42,42,190,127,3,20,157,28,326,107,308,0,552,0,0,20,0,4708,1,10,4758
371,2016,Madhya Pradesh,23,Indore,410,Indore Railway,2,3,0,0,5,0,4,0,0,12,6,596,0,0,0,2,0,0,0,0,0,7,1,1,0,3,0,0,0,0,4,0,0,89
433,2016,Maharashtra,27,Parbhani,489,Parbhani,49,52,2,0,38,0,100,6,1,33,120,477,19,130,3,76,0,2,28,156,9,156,0,184,0,120,0,0,3,0,226,0,2,1945
372,2016,Madhya Pradesh,23,Jabalpur,411,Jabalpur,97,165,5,1,194,3,463,2,1,142,598,1202,0,63,4,96,5,0,8,121,15,315,23,147,0,358,0,0,33,0,2919,0,9,4933
373,2016,Madhya Pradesh,23,Jabalpur,411,Jabalpur Railway,3,3,0,0,2,0,11,1,0,45,5,1419,0,1,0,4,0,0,0,0,1,23,2,0,0,1,0,0,0,0,14,0,0,123
374,2016,Madhya Pradesh,23,Jhabua,412,Jhabua,32,23,1,0,111,0,170,1,1,19,107,200,0,51,0,19,0,0,26,117,1,123,0,38,0,106,0,0,0,0,773,0,0,1503
375,2016,Madhya Pradesh,23,Katni,413,Katni,32,35,1,0,84,0,148,2,0,16,217,264,2,8,5,74,0,0,8,102,10,146,2,42,0,139,0,0,2,0,844,1,3,2308
376,2016,Madhya Pradesh,23,Indore,410,Khandwa,24,19,0,0,84,0,96,1,5,9,140,310,0,27,9,27,0,0,16,17,1,203,6,55,0,146,1,0,4,0,628,1,0,1513
377,2016,Madhya Pradesh,23,Khargone,414,Khargone,29,32,6,0,136,0,96,3,0,14,240,415,0,13,3,33,2,0,11,121,2,218,4,42,0,228,0,0,2,0,853,2,0,1324
378,2016,Madhya Pradesh,23,Mandla,415,Mandla,34,9,3,0,62,0,77,0,0,2,68,81,0,2,2,18,1,0,5,38,2,79,3,53,0,132,0,0,4,0,632,0,0,655
379,2016,Madhya Pradesh,23,Mandsaur,416,Mandsaur,24,36,0,0,61,0,106,4,2,12,194,408,0,31,10,28,0,0,8,18,9,134,0,105,0,131,0,0,0,0,469,0,1,2459
380,2016,Madhya Pradesh,23,Morena,417,Morena,41,71,2,3,78,0,99,6,6,58,206,651,0,121,12,36,0,0,4,405,32,142,3,206,0,241,0,0,0,0,751,0,1,2870
381,2016,Madhya Pradesh,23,Narsinghpur,418,Narsinghpur,30,37,4,0,91,0,106,3,1,10,92,154,0,28,5,44,0,0,25,127,19,213,3,143,0,178,0,0,0,0,607,1,5,1903
382,2016,Madhya Pradesh,23,Neemuch,419,Neemuch,12,16,0,0,48,0,37,0,3,10,80,216,0,25,39,26,0,0,7,86,3,90,0,28,0,95,0,0,0,0,409,8,1,1670
383,2016,Madhya Pradesh,23,Panna,420,Panna,24,14,1,1,25,0,78,0,2,4,60,61,0,2,6,11,0,0,7,76,22,72,0,38,0,81,0,0,0,0,295,0,0,760
384,2016,Madhya Pradesh,23,Raisen,421,Raisen,62,50,3,2,113,2,121,2,0,10,86,234,0,17,0,24,0,0,0,102,17,171,5,21,0,224,0,0,0,0,797,0,0,2253
385,2016,Madhya Pradesh,23,Rajgarh,422,Rajgarh,28,44,3,0,84,5,112,0,2,27,128,364,0,73,9,27,0,1,91,75,6,256,6,308,0,148,0,0,21,0,957,3,2,4659
386,2016,Madhya Pradesh,23,Ratlam,423,Ratlam,35,69,7,3,100,0,214,2,1,37,132,401,0,44,25,74,1,1,20,94,8,246,14,272,0,244,0,0,18,0,1082,2,3,4030
387,2016,Madhya Pradesh,23,Rewa,424,Rewa,55,42,10,0,137,0,256,11,3,92,506,668,0,68,0,47,0,0,26,120,32,143,0,93,0,223,0,0,1,0,180,0,7,3395
388,2016,Madhya Pradesh,23,Sagar,425,Sagar,72,104,4,5,174,5,199,5,0,38,237,404,1,61,17,32,18,0,31,433,28,409,6,233,0,347,0,0,13,0,1321,3,8,4339
389,2016,Madhya Pradesh,23,Satna,426,Satna,57,49,0,0,139,1,268,3,1,37,304,423,0,50,7,44,0,0,18,147,30,152,0,110,0,331,0,0,0,0,0,0,1,4240
390,2016,Madhya Pradesh,23,Seoni,428,Seoni,28,25,3,1,63,1,153,3,0,16,131,155,0,36,3,28,0,0,15,41,17,152,10,152,0,200,0,0,1,0,758,2,3,1834
391,2016,Madhya Pradesh,23,Shahdol,429,Shahdol,39,22,3,0,86,0,160,4,0,35,246,243,0,8,5,30,0,1,21,53,8,172,4,284,0,108,0,0,0,0,540,4,0,2655
392,2016,Madhya Pradesh,23,Shajapur,430,Shajapur,14,26,1,3,60,1,55,2,1,14,111,244,0,22,5,26,9,0,17,101,7,133,5,72,0,116,0,0,0,0,449,0,3,1513
393,2016,Madhya Pradesh,23,Sheopur,431,Sheopur,18,9,0,0,21,0,21,2,3,4,92,52,0,14,3,14,0,0,3,49,4,52,0,27,0,44,0,0,3,0,151,0,0,691
394,2016,Madhya Pradesh,23,Shivpuri,432,Shivpuri,42,50,5,1,102,0,110,3,11,17,167,291,0,32,4,37,0,1,11,128,15,226,6,121,0,232,0,0,4,0,833,1,5,3142
395,2016,Madhya Pradesh,23,Sidhi,433,Sidhi,25,15,0,0,41,0,144,0,0,14,175,134,0,14,7,29,0,1,10,42,21,100,5,42,0,99,0,0,2,0,564,1,0,1711
396,2016,Madhya Pradesh,23,Sehore,427,Sehore,27,42,2,3,92,1,96,0,0,14,218,490,0,28,10,33,0,0,12,53,13,174,8,182,0,185,0,1,0,0,941,0,2,2272
461,2016,Meghalaya,17,South Garo Hills,277,Garo Hills South,3,17,2,0,4,0,17,2,0,1,3,8,0,0,1,3,1,3,0,5,0,5,0,0,0,2,6,0,10,0,2,0,0,22
397,2016,Madhya Pradesh,23,Singrauli,638,Singrauli,26,20,3,0,83,0,76,0,22,12,134,204,0,22,14,15,8,0,5,98,17,73,2,156,0,140,0,1,4,0,373,2,1,2121
398,2016,Madhya Pradesh,23,Tikamgarh,434,Tikamgarh,30,30,1,0,110,3,123,1,4,30,320,188,0,46,9,60,0,1,8,398,11,184,0,90,0,154,0,0,0,0,556,0,2,2870
399,2016,Madhya Pradesh,23,Ujjain,435,Ujjain,50,128,3,2,136,5,237,1,10,45,382,1428,0,67,16,52,12,0,27,23,4,310,20,256,0,280,0,1,6,0,1823,1,2,7496
400,2016,Madhya Pradesh,23,Umaria,436,Umaria,11,11,0,0,14,0,56,0,0,4,84,61,0,5,0,11,0,0,2,37,7,74,0,46,0,49,0,0,0,0,157,0,0,968
401,2016,Madhya Pradesh,23,Vidisha,437,Vidisha,48,57,4,16,123,2,153,4,1,35,311,579,0,35,4,33,0,0,55,209,10,329,5,149,0,196,1,0,1,0,800,0,3,3259
402,2016,Madhya Pradesh,23,Bhopal,396,Cyber Cell,0,0,0,0,0,0,0,0,0,0,0,0,0,0,0,1,1,0,0,0,0,0,0,0,0,0,0,0,0,0,0,0,0,0
403,2016,Maharashtra,27,Ahmednagar,466,Ahmednagar,91,105,2,0,139,0,252,69,38,223,414,1557,8,614,50,102,3,5,34,237,4,429,11,213,0,756,0,0,18,0,1164,0,0,1343
404,2016,Maharashtra,27,Akola,467,Akola,35,59,4,0,68,2,80,4,0,57,136,591,25,59,8,86,1,1,28,91,4,177,2,147,0,144,0,0,15,0,842,0,3,1551
405,2016,Maharashtra,27,Amravati,468,Amravati Commr.,25,40,4,0,55,1,88,2,1,44,163,909,41,8,20,81,47,1,11,64,1,233,8,178,0,89,0,0,15,0,507,0,2,1372
406,2016,Maharashtra,27,Amravati,468,Amravati Rural,45,61,7,0,110,0,121,8,1,43,240,1096,32,37,27,94,0,0,92,99,3,351,4,226,0,262,0,2,6,0,1020,0,2,3264
407,2016,Maharashtra,27,Aurangabad,469,Aurangabad Commr.,44,93,3,0,90,0,209,18,16,321,346,2574,23,121,46,396,0,7,29,76,6,471,8,300,0,142,0,2,32,0,1435,2,3,1290
408,2016,Maharashtra,27,Aurangabad,469,Aurangabad Rural,54,61,6,0,62,0,106,15,4,47,212,875,26,292,10,87,0,1,24,113,17,213,5,234,0,317,0,2,5,0,1054,0,0,1348
409,2016,Maharashtra,27,Beed,470,Beed,59,92,1,0,57,0,123,20,4,87,212,799,45,268,25,98,2,0,35,143,12,225,2,343,0,271,0,0,6,0,713,0,5,1248
410,2016,Maharashtra,27,Bhandara,471,Bhandara,27,18,1,0,48,1,71,4,0,20,144,472,12,21,17,58,0,2,25,54,2,98,15,35,0,154,0,1,3,0,420,0,3,485
411,2016,Maharashtra,27,Buldhana,472,Buldhana,49,62,2,0,54,0,74,10,2,49,152,611,40,195,21,80,0,6,47,114,10,266,15,89,0,291,0,1,11,0,444,0,0,2379
412,2016,Maharashtra,27,Chandrapur,473,Chandrapur,33,54,9,0,92,0,117,2,2,35,237,555,27,62,28,83,0,0,38,89,5,207,69,128,0,243,0,0,9,0,317,0,1,2301
413,2016,Maharashtra,27,Dhule,474,Dhule,38,33,1,0,36,0,60,49,6,71,154,464,4,159,20,80,0,1,17,60,5,101,10,193,0,289,0,0,13,0,376,0,1,753
414,2016,Maharashtra,27,Gadchiroli,475,Gadchiroli,37,61,3,0,35,1,28,7,1,7,97,139,2,17,11,31,0,1,14,28,2,48,6,10,0,115,0,0,1,0,94,1,0,622
415,2016,Maharashtra,27,Gondia,476,Gondia,25,18,2,0,49,0,67,3,0,20,110,331,15,9,10,72,0,0,13,31,2,111,7,45,0,150,0,0,2,0,154,0,1,745
416,2016,Maharashtra,27,Hingoli,477,Hingoli,21,51,3,0,19,0,28,8,2,16,86,166,10,81,6,26,0,0,18,50,3,63,2,89,0,126,0,0,2,0,597,1,3,588
417,2016,Maharashtra,27,Jalgaon,478,Jalgaon,53,82,1,0,63,2,101,22,11,109,271,889,11,266,80,160,1,3,29,164,3,271,11,319,0,400,0,1,11,0,431,0,3,2608
418,2016,Maharashtra,27,Jalna,479,Jalna,47,73,8,0,51,0,71,11,2,67,155,549,10,212,10,122,0,1,20,20,14,219,0,216,0,191,0,0,3,0,5,0,0,1561
419,2016,Maharashtra,27,Kolhapur,480,Kolhapur,49,62,7,0,97,0,186,11,1,90,313,898,5,264,31,210,0,1,26,115,7,177,8,100,0,411,0,2,15,0,1038,0,1,767
420,2016,Maharashtra,27,Latur,481,Latur,46,42,7,0,50,0,114,6,9,57,201,565,32,218,13,115,0,1,53,101,5,138,1,204,0,229,0,0,0,0,359,0,0,1830
421,2016,Maharashtra,27,Mumbai,482,Mumbai Commr.,147,210,10,0,712,1,1949,45,17,1145,2552,9839,4,473,722,2637,808,24,30,1359,12,2183,425,587,0,559,0,5,240,0,3900,0,51,8971
422,2016,Maharashtra,27,Mumbai,482,Mumbai Railway,7,5,3,0,9,0,36,5,1,62,0,3315,3,0,7,68,0,0,1,8,0,74,6,0,0,0,0,0,2,0,0,3,0,101
423,2016,Maharashtra,27,Nagpur,484,Nagpur Commr.,92,90,4,0,171,0,509,27,28,340,917,3002,25,132,72,380,15,1,33,240,6,411,4,248,0,339,0,0,29,0,1139,3,11,3443
424,2016,Maharashtra,27,Nagpur,484,Nagpur Railway,5,1,0,0,2,0,15,3,2,92,3,2567,0,0,4,11,0,1,0,23,0,22,1,0,0,1,0,0,0,0,0,0,0,65
425,2016,Maharashtra,27,Nagpur,484,Nagpur Rural,45,27,7,0,66,0,111,4,0,44,283,965,23,38,21,72,0,0,48,129,1,175,13,61,0,374,0,0,4,0,833,0,4,921
426,2016,Maharashtra,27,Nanded,485,Nanded,75,79,0,0,66,0,158,10,2,58,291,747,45,242,16,117,5,1,45,130,17,191,5,245,0,257,0,1,13,0,1610,1,0,1508
427,2016,Maharashtra,27,Nandurbar,486,Nandurbar,23,28,0,0,32,0,43,7,0,36,75,264,12,117,8,28,7,1,13,25,0,55,6,66,0,156,0,0,2,0,142,0,1,583
428,2016,Maharashtra,27,Nashik,487,Nasik Commr.,39,46,2,0,30,0,197,11,17,217,287,953,10,66,33,132,50,9,25,50,3,113,3,231,0,210,0,1,20,0,454,0,2,896
429,2016,Maharashtra,27,Nashik,487,Nasik Rural,82,100,5,0,89,0,204,35,2,110,344,1046,25,456,36,188,0,6,30,991,14,257,5,250,0,718,0,5,0,0,0,0,0,1944
430,2016,Maharashtra,27,Mumbai Suburban,483,Navi Mumbai,42,27,0,0,139,0,277,10,8,200,488,1193,4,81,72,414,0,8,4,111,6,189,18,103,0,337,0,2,25,0,483,0,14,989
431,2016,Maharashtra,27,Osmanabad,488,Osmanabad,44,41,2,0,45,0,64,11,5,29,131,407,14,171,11,58,0,2,15,73,22,118,0,95,0,231,0,0,1,0,445,0,0,625
432,2016,Maharashtra,27,Palghar,665,Palghar,67,33,2,0,156,0,431,25,3,166,531,1094,7,194,33,371,16,3,10,195,1,190,19,58,0,509,0,0,14,0,349,1,8,635
434,2016,Maharashtra,27,Pune,490,Pune Commr.,130,191,13,1,354,0,850,26,18,490,1134,5520,16,267,132,952,20,5,72,659,10,661,56,379,1,510,0,0,92,0,1845,1,13,1878
435,2016,Maharashtra,27,Pune,490,Pune Railway,2,3,0,0,4,0,6,5,2,51,1,669,0,2,1,7,0,0,0,5,0,13,0,0,0,0,0,0,0,0,0,0,0,53
436,2016,Maharashtra,27,Pune,490,Pune Rural,127,104,10,1,157,1,413,29,21,133,379,2268,12,540,73,276,1,3,64,237,3,478,13,220,0,1048,0,0,18,0,759,0,4,2421
437,2016,Maharashtra,27,Raigad,491,Raigad,37,13,4,0,55,2,83,10,2,63,232,487,54,154,36,180,0,4,21,45,0,111,15,40,0,276,0,5,11,0,390,0,0,484
438,2016,Maharashtra,27,Ratnagiri,492,Ratnagiri,14,15,3,0,45,0,79,5,0,31,115,403,7,91,18,103,4,0,17,25,1,86,14,27,0,154,0,1,7,0,473,0,0,316
439,2016,Maharashtra,27,Sangli,493,Sangli,63,41,5,0,79,0,147,10,1,84,232,669,7,243,11,142,1,0,21,158,11,189,4,95,0,391,0,0,20,0,383,1,2,1928
440,2016,Maharashtra,27,Satara,494,Satara,54,40,9,1,104,0,214,24,3,121,409,1085,2,331,40,150,5,1,29,152,4,289,21,139,0,522,0,1,8,0,494,4,0,2236
441,2016,Maharashtra,27,Sindhudurg,495,Sindhudurg,6,10,0,0,13,0,27,1,0,9,81,156,6,31,9,20,9,2,7,16,1,57,3,7,0,80,0,0,5,0,152,0,1,274
442,2016,Maharashtra,27,Solapur,496,Solapur Commr.,14,27,2,0,51,0,68,6,0,85,151,632,2,86,14,108,0,1,3,23,3,84,10,83,0,79,0,1,19,0,230,0,0,374
443,2016,Maharashtra,27,Solapur,496,Solapur Rural,83,64,10,0,110,0,163,13,6,76,240,1096,3,376,17,78,19,7,53,193,4,255,1,131,0,495,0,0,8,0,617,0,2,1696
444,2016,Maharashtra,27,Thane,497,Thane Commr.,102,132,6,0,224,0,802,30,9,718,1374,3283,17,313,102,702,2,8,49,274,5,458,49,327,0,305,0,0,50,0,826,0,7,2403
445,2016,Maharashtra,27,Thane,497,Thane Rural,43,28,4,0,95,0,206,14,0,120,270,844,12,217,49,305,32,0,25,372,2,164,8,121,0,236,0,2,17,0,328,0,8,434
446,2016,Maharashtra,27,Wardha,498,Wardha,37,44,6,0,50,1,97,6,5,52,215,696,12,48,29,102,8,1,54,124,2,167,2,56,0,186,0,0,3,0,361,0,4,2580
447,2016,Maharashtra,27,Washim,499,Washim,17,37,0,0,27,0,59,3,0,28,77,325,6,73,10,33,0,0,13,66,1,100,0,116,0,126,0,0,2,0,162,0,0,990
448,2016,Maharashtra,27,Yavatmal,500,Yavatmal,75,64,4,0,91,0,128,6,2,74,259,1055,49,123,24,101,0,3,75,157,5,352,39,277,0,317,0,0,8,0,826,0,5,2498
449,2016,Manipur,14,Bishnupur,252,Bishnupur,7,17,1,0,7,0,24,0,0,1,7,40,0,11,2,4,0,0,6,28,0,9,3,5,0,14,0,0,3,0,90,0,0,26
450,2016,Manipur,14,Chandel,253,Chandel,11,19,0,2,1,0,2,0,0,0,4,9,0,4,0,0,0,0,3,2,0,0,0,1,0,0,0,0,0,0,5,0,0,7
451,2016,Manipur,14,Churachandpur,254,Churachandpur,4,10,0,0,2,1,2,0,0,1,2,12,0,0,0,1,2,0,2,6,0,0,0,1,0,3,0,0,2,0,1,0,0,10
452,2016,Manipur,14,Imphal West,256,C. I. D.,0,0,0,0,0,0,0,0,0,0,0,0,0,0,0,0,0,0,0,0,0,0,0,0,0,0,0,0,0,0,0,0,0,0
453,2016,Manipur,14,Imphal East,255,Imphal East,15,43,0,0,9,0,28,0,0,2,14,250,0,28,0,26,8,1,13,55,0,14,0,9,0,0,0,0,10,0,84,0,0,127
454,2016,Manipur,14,Imphal West,256,Imphal West,12,71,1,0,21,1,48,0,1,6,21,341,1,44,14,40,14,4,14,71,0,37,1,6,0,17,7,0,20,0,150,2,0,301
455,2016,Manipur,14,Senapati,257,Senapati,5,16,0,0,1,0,14,0,0,0,1,14,0,15,0,5,0,1,2,3,0,0,0,0,0,0,1,0,15,0,16,0,0,29
456,2016,Manipur,14,Tamenglong,258,Tamenglong,2,6,0,0,0,0,5,0,0,2,0,4,0,2,0,0,0,0,9,2,0,1,0,0,0,12,0,0,6,0,13,0,0,9
457,2016,Manipur,14,Thoubal,259,Thoubal,17,21,1,0,14,1,20,0,0,3,18,126,0,14,1,10,0,1,6,51,0,4,1,7,0,11,0,0,9,0,119,0,0,24
458,2016,Manipur,14,Ukhrul,260,Ukhrul,5,8,1,0,0,0,2,1,0,0,2,5,0,1,1,2,0,0,4,1,0,0,0,0,0,3,0,0,0,0,1,0,0,4
459,2016,Meghalaya,17,East Garo Hills,273,Garo Hills East,11,2,0,0,3,1,5,5,0,2,1,51,0,0,0,4,7,2,1,1,0,1,0,4,0,0,19,0,5,0,1,0,0,40
460,2016,Meghalaya,17,North Garo Hills,656,Garo Hills North,9,2,0,0,8,0,14,3,0,1,2,18,0,0,5,4,5,0,2,2,0,2,0,1,0,1,5,0,13,0,8,0,0,10
463,2016,Meghalaya,17,West Garo Hills,278,Garo Hills West,12,9,1,0,15,4,19,2,0,11,19,118,0,0,7,12,12,0,6,13,0,6,4,5,0,23,8,4,14,0,17,0,0,46
464,2016,Meghalaya,17,West Jaintia Hills,275,Jaintia Hills West,15,10,0,0,27,1,8,4,0,8,0,62,0,0,4,17,0,0,0,26,0,9,0,0,0,11,0,0,3,0,13,0,0,92
465,2016,Meghalaya,17,East Jaintia Hills,657,Jaintia Hills East,9,9,0,0,17,0,8,3,0,7,6,50,0,0,15,22,0,0,4,9,0,4,0,0,0,16,0,0,16,0,6,0,0,148
466,2016,Meghalaya,17,East Khasi Hills,274,Khasi Hills East,19,11,1,0,56,1,51,5,0,37,146,411,0,0,28,94,24,2,8,47,0,30,13,10,0,23,3,0,17,0,50,1,0,173
467,2016,Meghalaya,17,South West Khasi Hills,658,Khasi Hills South West,2,8,0,0,8,0,2,0,0,3,0,12,0,0,1,2,1,0,1,2,0,3,0,1,0,4,0,0,5,0,0,0,0,5
468,2016,Meghalaya,17,West Khasi Hills,279,Khasi Hills West,9,5,0,0,22,0,8,0,0,6,25,25,0,0,0,12,0,0,0,0,0,2,0,1,0,8,1,0,13,0,6,0,0,22
469,2016,Meghalaya,17,Ri Bhoi,276,Ri-Bhoi,16,7,0,0,28,8,14,5,0,10,15,88,0,1,2,26,4,2,7,6,0,2,0,1,0,17,0,0,4,0,30,0,0,46
470,2016,Mizoram,15,Aizawl,261,Aizawl,14,7,3,0,5,0,3,4,0,1,419,477,0,3,18,48,8,4,15,38,0,33,0,13,0,18,0,0,7,0,15,0,0,80
471,2016,Mizoram,15,Champhai,262,Champhai,3,2,0,0,2,0,0,0,0,0,22,96,0,0,7,5,1,1,0,1,0,6,0,0,0,4,0,0,1,0,0,0,0,31
472,2016,Mizoram,15,Kolasib,263,Kolasib,3,2,0,0,5,0,2,1,0,1,88,142,0,0,3,6,1,0,0,13,0,6,0,2,0,10,0,0,3,0,2,0,0,23
473,2016,Mizoram,15,Lawngtlai,264,Lawngtlai,3,1,3,0,1,0,0,0,0,0,14,18,0,0,0,0,0,0,0,7,0,0,0,0,0,2,0,0,1,0,2,0,0,41
474,2016,Mizoram,15,Lunglei,265,Lunglei,2,2,1,0,5,0,1,1,0,1,50,92,1,0,1,3,1,1,3,22,0,14,1,2,0,8,0,0,1,0,2,0,0,39
475,2016,Mizoram,15,Mamit,266,Mamit,1,0,0,0,1,0,0,0,0,1,35,57,0,0,0,1,0,0,2,6,0,0,0,2,0,2,0,0,1,0,0,0,0,12
476,2016,Mizoram,15,Saiha,267,Saiha,2,0,0,0,2,0,0,0,0,0,27,53,0,0,0,2,0,0,1,21,0,3,0,0,0,3,0,0,1,0,2,0,0,13
477,2016,Mizoram,15,Serchhip,268,Serchhip,1,3,1,0,2,0,0,0,0,0,23,26,0,0,2,6,0,0,6,10,0,9,0,0,0,2,0,0,0,0,0,0,0,8
479,2016,Nagaland,13,Dimapur,244,Dimapur,11,22,1,0,9,3,82,1,0,20,69,294,0,0,18,32,29,1,2,12,1,6,0,2,0,27,4,0,95,0,24,0,0,42
480,2016,Nagaland,13,Kiphire,614,Kiphire,1,2,0,0,0,0,1,0,0,0,0,17,0,5,0,0,1,0,0,1,0,2,0,0,0,0,0,0,1,0,0,0,0,5
481,2016,Nagaland,13,Kohima,245,Kohima,4,9,4,0,7,0,3,0,0,5,8,46,0,0,1,7,26,0,0,9,0,0,8,1,0,4,0,0,21,0,0,0,0,18
482,2016,Nagaland,13,Longleng,615,Longleng,1,1,3,0,0,0,0,0,0,0,3,2,0,0,0,0,0,1,1,1,0,1,0,0,0,1,0,0,1,0,0,0,0,0
483,2016,Nagaland,13,Mokokchung,246,Mokokchung,5,4,0,0,1,0,1,0,0,1,3,12,0,0,1,4,1,0,0,1,0,0,0,0,0,1,0,0,4,0,1,0,0,5
484,2016,Nagaland,13,Mon,247,Mon,2,1,1,0,0,0,1,0,0,3,1,20,0,1,0,5,1,0,0,1,0,2,0,0,0,1,1,0,9,0,1,0,0,6
485,2016,Nagaland,13,Peren,613,Peren,4,2,0,0,1,0,1,0,0,0,0,15,0,0,0,0,0,0,0,4,0,0,0,0,0,0,0,0,1,0,0,0,0,7
486,2016,Nagaland,13,Phek,248,Phek,3,3,5,0,1,0,0,1,0,1,0,7,0,0,0,3,0,0,0,3,0,0,0,0,0,0,0,0,0,0,0,0,0,3
487,2016,Nagaland,13,Tuensang,249,Tuensang,3,2,0,0,1,0,2,0,0,0,10,20,0,1,2,1,1,0,0,0,0,3,0,0,0,1,0,0,5,0,2,0,0,7
488,2016,Nagaland,13,Wokha,250,Wokha,2,1,0,0,2,0,0,0,0,1,0,25,0,0,0,2,0,0,0,5,0,0,0,0,0,0,0,0,5,0,0,0,0,12
489,2016,Nagaland,13,Zunheboto,251,Zunheboto,0,3,0,0,4,0,0,0,0,1,11,20,0,0,0,3,0,0,0,0,0,0,0,0,0,0,0,0,9,0,0,0,0,2
490,2016,Odisha,21,Anugul,344,Angul,58,162,0,0,68,6,90,30,0,116,177,491,0,80,15,114,0,0,22,36,6,255,28,130,0,197,0,0,11,0,229,6,2,985
491,2016,Odisha,21,Baleshwar,346,Balasore,68,121,0,0,112,11,245,38,0,111,248,358,0,63,9,208,2,1,30,177,48,708,20,106,0,198,0,0,35,0,309,5,0,1415
492,2016,Odisha,21,Bargarh,347,Baragarh,29,119,0,0,62,6,77,10,1,39,116,219,13,113,14,81,9,0,26,93,10,489,14,143,0,113,0,0,10,0,178,2,0,934
493,2016,Odisha,21,Baleshwar,346,Berhampur,23,97,0,0,30,0,67,36,0,45,80,161,0,38,50,112,25,0,10,23,7,203,24,24,0,118,0,0,56,0,103,3,2,64
494,2016,Odisha,21,Bhadrak,348,Bhadrak,40,141,0,0,87,11,126,8,0,32,159,193,0,21,7,111,1,1,26,31,19,382,16,50,0,109,0,0,6,0,144,0,2,1138
495,2016,Odisha,21,Balangir,345,Bolangir,21,108,0,0,74,1,114,15,4,55,105,195,0,87,12,61,0,1,30,447,0,370,15,221,0,112,0,0,14,0,198,4,0,880
496,2016,Odisha,21,Boudh,349,Boudh,14,50,0,0,21,2,23,7,0,10,22,42,0,10,5,15,0,0,13,128,4,102,9,32,0,35,0,0,2,0,87,2,0,32
497,2016,Odisha,21,Cuttack,350,Cuttack,52,81,0,0,45,2,64,17,0,65,107,197,0,76,1,70,0,1,15,56,25,102,3,44,0,88,0,0,11,0,240,0,0,1117
498,2016,Odisha,21,Khordha,362,Dcp Bbsr,47,127,0,0,71,6,186,11,9,201,250,1420,0,114,37,595,0,4,20,927,25,266,12,116,0,181,0,0,31,0,417,7,1,1328
499,2016,Odisha,21,Cuttack,350,Dcp Ctc,35,68,0,0,63,1,108,1,10,52,108,484,0,46,14,153,0,1,5,1,13,117,4,174,0,125,0,0,27,0,200,3,2,1071
500,2016,Odisha,21,Deogarh,351,Deogarh,13,25,0,0,27,3,23,2,0,8,32,37,0,15,0,19,0,0,5,13,1,100,4,23,0,70,0,0,5,0,53,3,0,195
501,2016,Odisha,21,Dhenkanal,352,Dhenkanal,36,133,0,0,38,2,80,16,4,72,93,215,0,71,6,63,0,1,21,22,0,375,16,36,0,151,0,0,39,0,209,0,1,746
502,2016,Odisha,21,Gajapati,353,Gajapati,15,17,0,0,24,0,17,1,0,5,34,31,0,16,3,26,0,0,5,4,4,58,6,20,0,44,0,0,2,0,64,8,0,72
503,2016,Odisha,21,Ganjam,354,Ganjam,55,296,0,0,57,1,117,59,0,71,130,169,0,70,58,79,1,0,35,498,20,354,50,121,0,275,0,0,49,0,302,3,4,71
504,2016,Odisha,21,Jagatsinghapur,355,Jagatsinghpur,33,89,0,0,38,8,105,7,21,75,115,156,10,71,8,126,27,0,23,211,21,281,10,125,0,100,0,0,29,0,104,0,1,513
505,2016,Odisha,21,Jajapur,356,Jajpur,64,14,0,0,82,15,126,5,3,114,216,363,0,50,9,106,0,0,17,355,41,281,6,69,0,189,0,0,4,0,284,0,4,892
506,2016,Odisha,21,Jharsuguda,357,Jharsuguda,17,39,0,0,26,0,68,8,0,71,168,278,0,40,16,33,0,3,7,30,2,103,1,24,0,72,0,0,14,0,197,0,1,382
547,2016,Punjab,3,Sri Muktsar Sahib,39,Muktsar,30,26,3,6,39,6,40,0,3,3,56,138,0,0,9,90,3,1,2,62,1,37,2,26,0,78,0,0,3,0,33,0,0,287
507,2016,Odisha,21,Kalahandi,358,Kalahandi,23,89,0,0,69,4,78,6,1,29,77,82,7,171,17,128,7,1,19,26,8,390,18,47,0,126,8,0,7,0,183,6,0,837
508,2016,Odisha,21,Kandhamal,359,Kandhamal,27,61,0,0,89,5,72,7,0,15,60,82,0,15,16,69,0,0,8,22,5,179,15,52,0,60,6,0,11,0,94,6,1,199
509,2016,Odisha,21,Kendrapara,360,Kendrapara,45,73,0,0,61,18,107,15,14,63,142,140,15,47,16,72,4,0,19,104,24,176,27,261,0,77,0,0,17,0,116,1,3,1348
510,2016,Odisha,21,Kendujhar,361,Keonjhar,77,117,0,0,89,7,136,18,0,52,141,255,0,58,37,66,0,0,30,215,11,389,13,65,0,254,0,0,20,0,303,2,1,793
511,2016,Odisha,21,Khordha,362,Khurda,34,37,0,0,40,3,73,10,3,69,82,181,0,51,9,82,0,2,11,0,17,154,15,36,0,90,0,0,18,0,154,0,0,917
512,2016,Odisha,21,Koraput,363,Koraput,49,50,0,0,103,4,115,19,0,85,133,185,0,77,3,57,0,1,13,120,2,262,8,98,0,207,0,0,8,0,181,1,0,322
513,2016,Odisha,21,Malkangiri,364,Malkangiri,36,50,8,0,35,1,60,6,0,5,32,26,0,17,0,27,0,1,2,12,2,91,9,32,0,50,0,0,11,0,66,4,0,50
514,2016,Odisha,21,Mayurbhanj,365,Mayurbhanj,90,144,1,0,146,14,117,10,2,41,187,201,24,49,15,116,8,0,9,48,0,308,22,200,0,231,0,0,21,0,269,10,1,516
515,2016,Odisha,21,Nayagarh,367,Nayagarh,34,45,1,0,35,7,59,8,9,33,55,126,23,14,2,52,1,0,9,16,15,94,4,22,0,81,0,0,10,0,126,0,2,714
516,2016,Odisha,21,Nabarangpur,366,Nabarangpur,22,52,0,0,82,3,92,5,0,14,53,78,0,96,4,28,0,2,5,42,5,267,22,106,0,77,0,0,4,0,121,8,0,710
517,2016,Odisha,21,Nuapada,368,Nuapada,9,31,0,0,24,2,42,8,0,23,36,69,0,29,3,64,0,0,9,25,5,150,4,48,0,37,0,0,6,0,88,16,0,617
518,2016,Odisha,21,Puri,369,Puri,55,107,0,0,70,4,118,9,19,95,191,364,0,81,4,97,0,1,24,275,31,394,12,63,0,134,0,0,47,0,305,1,0,1284
548,2016,Punjab,3,Pathankot,662,Pathankot,13,3,4,1,18,0,32,0,0,1,34,77,0,0,1,77,0,0,4,19,1,21,0,23,0,75,0,0,1,0,40,0,3,90
519,2016,Odisha,21,Rayagada,370,Rayagada,37,35,6,0,49,5,77,6,2,22,70,89,0,40,19,37,0,0,9,29,11,106,4,63,0,98,3,0,18,0,158,1,0,267
520,2016,Odisha,21,Sundargarh,373,Rourkela,51,72,0,0,45,4,111,23,3,87,229,447,0,67,24,90,0,0,9,379,1,215,9,80,0,152,0,0,26,0,291,0,3,375
521,2016,Odisha,21,Sambalpur,371,Sambalpur,38,87,0,0,61,3,64,17,0,142,227,481,0,57,10,106,0,1,20,85,7,284,12,45,0,176,0,0,28,0,313,0,1,821
522,2016,Odisha,21,Sonepur,372,Sonepur,10,7,0,0,10,0,22,6,0,10,23,78,0,30,1,24,0,0,7,8,6,108,1,38,0,48,0,0,3,0,114,0,0,352
523,2016,Odisha,21,Cuttack,350,Srp (Cuttack),4,3,0,0,1,1,3,1,5,7,1,549,0,0,2,7,2,0,0,0,0,5,0,0,0,1,0,0,6,0,4,4,0,56
524,2016,Odisha,21,Sundargarh,373,Srp (Rourkela),8,2,0,0,1,0,4,1,0,15,12,382,0,0,0,6,0,0,0,0,0,4,1,0,0,0,0,0,0,0,0,0,0,29
525,2016,Odisha,21,Sundargarh,373,Sundargarh,59,29,0,0,47,1,60,10,0,63,93,220,5,34,3,71,1,0,11,18,1,130,3,67,0,178,1,2,29,0,144,4,1,432
526,2016,Odisha,21,Cuttack,350,"Cid, Cb",0,0,0,0,1,0,0,0,0,0,0,0,0,0,0,26,0,0,0,0,0,0,0,0,0,0,0,0,0,0,0,0,0,14
527,2016,Punjab,3,Amritsar,27,Amritsar Rural,42,50,8,3,29,6,77,0,3,4,127,197,0,0,14,110,0,1,5,179,5,46,0,46,0,139,0,0,1,0,50,0,2,307
528,2016,Punjab,3,Barnala,605,Barnala,24,28,0,5,12,4,47,1,3,6,69,108,0,0,10,58,1,1,3,35,0,34,0,25,0,79,0,0,5,0,95,0,1,330
529,2016,Punjab,3,Gurdaspur,32,Batala,22,37,2,0,21,4,34,0,0,1,89,130,0,0,4,64,0,1,0,136,4,22,0,35,0,96,0,0,0,0,37,1,2,132
530,2016,Punjab,3,Bathinda,28,Bathinda,64,49,4,5,41,3,72,0,20,2,141,293,0,0,16,221,0,3,8,72,10,78,2,64,0,136,0,0,6,0,114,0,7,742
531,2016,Punjab,3,Amritsar,27,Cp Amritsar,36,61,3,3,35,2,95,2,6,28,207,1027,0,0,14,255,0,0,6,166,2,42,0,81,0,75,0,0,6,0,55,0,3,596
532,2016,Punjab,3,Jalandhar,34,Cp Jalandhar,17,32,7,6,36,2,97,1,6,4,169,384,0,0,16,352,2,2,4,29,2,75,0,167,0,103,0,0,3,0,57,7,2,568
533,2016,Punjab,3,Ludhiana,36,Cp Ludhiana,64,86,8,0,88,13,165,7,17,8,200,565,0,0,40,335,5,0,3,169,6,121,3,179,0,305,0,0,14,0,188,2,8,1117
534,2016,Punjab,3,Faridkot,29,Faridkot,18,29,3,0,13,1,19,3,10,2,69,138,0,0,5,47,0,0,1,24,2,24,1,19,0,64,0,0,2,0,45,0,4,231
535,2016,Punjab,3,Fatehgarh Sahib,30,Fatehgarh Sahib,11,5,1,2,22,0,42,0,0,2,46,68,0,0,5,127,0,0,0,35,0,14,0,29,0,113,0,0,3,0,204,0,3,318
536,2016,Punjab,3,Fazilka,651,Fazilka,17,9,5,2,49,3,35,2,1,2,63,68,0,0,4,78,0,0,0,108,3,27,1,31,0,63,0,0,2,0,30,1,6,272
537,2016,Punjab,3,Ferozepur,31,Ferozepur,29,36,4,0,37,2,47,0,6,6,116,180,0,0,8,120,0,0,0,176,0,23,0,30,0,111,0,0,2,0,57,1,4,321
538,2016,Punjab,3,Patiala,41,G. R. P.,8,2,1,0,4,0,1,0,17,0,1,220,0,0,0,2,0,1,0,13,1,6,0,0,0,12,0,0,0,0,126,0,0,76
539,2016,Punjab,3,Gurdaspur,32,Gurdaspur,10,10,2,0,10,4,27,1,0,0,42,73,0,0,6,50,1,0,2,26,1,18,0,44,0,84,0,0,1,0,19,0,1,199
540,2016,Punjab,3,Hoshiarpur,33,Hoshiarpur,41,34,7,0,34,7,50,4,2,15,154,103,0,0,10,202,0,0,7,195,6,24,0,119,0,253,0,0,0,0,98,0,5,288
541,2016,Punjab,3,Jalandhar,34,Jalandhar Rural,43,29,6,5,30,5,47,4,5,9,154,238,0,0,10,131,2,0,4,79,5,39,0,56,0,169,0,0,0,0,67,2,1,427
542,2016,Punjab,3,Kapurthala,35,Kapurthala,14,19,8,0,13,5,32,0,5,0,108,162,0,0,4,165,0,2,6,170,3,31,1,46,0,149,0,0,1,0,51,0,4,214
543,2016,Punjab,3,Ludhiana,36,Khanna,21,20,4,0,15,4,57,1,1,1,94,129,0,0,5,96,0,0,3,32,1,15,0,37,0,136,0,0,0,0,98,0,3,309
544,2016,Punjab,3,Ludhiana,36,Ludhiana Rural,21,20,6,6,14,1,50,4,1,3,119,167,0,0,5,83,0,1,2,30,1,32,0,23,0,69,0,0,3,0,60,0,1,325
545,2016,Punjab,3,Mansa,37,Mansa,24,22,3,8,20,3,21,0,3,4,63,83,0,0,2,91,0,0,1,43,2,19,0,31,0,74,0,0,1,0,73,0,3,230
546,2016,Punjab,3,Moga,38,Moga,25,30,5,5,23,2,45,4,10,9,102,190,0,0,11,144,0,2,2,60,1,31,0,33,0,96,0,0,2,0,61,0,2,387
549,2016,Punjab,3,Patiala,41,Patiala,46,52,9,0,63,5,124,0,6,8,156,320,0,0,41,293,2,3,7,65,4,77,0,133,0,314,0,0,8,0,261,0,8,860
550,2016,Punjab,3,Rupnagar,42,Ropar,18,16,2,0,17,3,41,3,0,9,91,121,0,0,11,92,0,0,0,29,1,36,0,37,0,161,0,0,0,0,104,0,2,324
551,2016,Punjab,3,Sangrur,43,Sangrur,44,53,9,0,59,2,79,0,33,3,139,269,0,0,10,168,0,1,5,61,7,47,0,57,0,183,0,0,0,0,195,0,5,711
552,2016,Punjab,3,S.A.S Nagar,608,Sas Nagar,8,28,2,0,44,2,137,2,1,3,149,314,0,0,15,284,0,2,0,38,7,42,0,116,0,271,0,0,0,0,294,0,6,687
553,2016,Punjab,3,Shahid Bhagat Singh Nagar,40,Sbs Nagar,17,13,1,1,19,3,30,3,5,10,120,104,0,0,5,95,1,0,2,29,0,12,0,42,0,94,0,0,1,0,34,0,1,189
554,2016,Punjab,3,Tarn Taran,609,Tarn Taran,44,63,3,1,33,3,48,1,6,4,98,116,0,0,4,117,0,1,1,133,4,32,0,39,0,80,0,0,0,0,30,0,2,245
555,2016,Rajasthan,8,Ajmer,86,Ajmer,53,62,2,5,139,9,216,6,5,40,236,995,28,2,6,1228,12,4,5,8,14,169,0,794,0,542,0,2,6,0,714,0,3,2290
556,2016,Rajasthan,8,Alwar,87,Alwar,111,96,11,0,239,97,336,10,18,80,242,2618,182,12,17,698,1001,0,9,17,44,231,0,633,0,546,0,0,0,0,830,0,0,3736
557,2016,Rajasthan,8,Banswara,88,Banswara,40,11,1,0,150,11,115,5,1,28,34,158,47,20,5,158,0,0,18,68,14,90,0,218,0,170,0,0,0,0,226,0,0,771
558,2016,Rajasthan,8,Baran,89,Baran,44,48,2,88,97,9,146,0,1,9,116,450,63,0,11,279,0,0,18,177,5,242,4,405,0,150,0,2,6,0,327,0,2,1521
559,2016,Rajasthan,8,Barmer,90,Barmer,42,37,3,0,106,0,50,2,1,15,152,297,84,5,2,227,235,1,31,24,36,268,0,231,0,263,0,0,28,0,243,0,3,1581
560,2016,Rajasthan,8,Bharatpur,91,Bharatpur,92,56,4,0,186,31,250,3,7,19,62,1256,0,0,6,293,545,3,11,0,37,73,0,572,0,319,0,0,23,0,302,0,2,4628
561,2016,Rajasthan,8,Bhilwara,92,Bhilwara,40,36,1,0,76,4,257,0,1,29,254,992,383,2,7,816,0,0,10,37,8,194,0,665,0,400,0,8,28,0,477,1,0,1739
562,2016,Rajasthan,8,Bikaner,93,Bikaner,53,82,6,0,89,0,74,0,2,22,149,325,0,0,5,716,0,0,16,7,22,83,1,473,0,261,0,1,0,0,0,0,0,2081
563,2016,Rajasthan,8,Bundi,94,Bundi,25,49,3,0,88,0,158,1,0,11,126,278,151,17,3,333,0,0,10,181,3,212,1,283,0,130,0,0,0,0,454,0,0,1190
564,2016,Rajasthan,8,Chittorgarh,95,Chittorgarh,38,47,2,0,97,3,178,1,3,31,194,656,76,22,12,195,241,0,7,57,9,138,0,545,0,211,0,2,0,0,376,0,0,1696
565,2016,Rajasthan,8,Churu,96,Churu,56,52,1,0,92,9,80,6,1,16,113,233,0,0,3,0,415,0,12,20,14,103,0,335,0,217,0,0,0,0,195,0,0,1274
566,2016,Rajasthan,8,Dausa,97,Dausa,35,13,1,0,79,0,123,1,1,16,80,895,645,0,7,458,0,2,3,0,8,25,0,200,0,295,0,0,0,0,434,0,0,979
567,2016,Rajasthan,8,Dholpur,98,Dholpur,47,50,1,3,75,18,100,0,0,18,54,419,0,0,2,179,0,0,8,53,24,41,0,266,0,165,0,0,2,0,192,0,0,2151
568,2016,Rajasthan,8,Dungarpur,99,Dungarpur,33,12,1,0,71,3,112,0,0,21,61,94,0,0,10,83,0,1,8,78,3,111,0,122,0,181,0,0,8,0,236,0,0,640
569,2016,Rajasthan,8,Ajmer,86,G.R.P.Ajmer,6,2,0,0,6,0,9,1,0,10,0,977,1,3,2,12,1,0,0,3,3,10,1,0,0,3,0,0,3,0,4,1,0,115
570,2016,Rajasthan,8,Jodhpur,107,G.R.P.Jodhpur,1,2,2,0,0,0,2,0,0,2,0,124,0,0,0,1,2,0,1,0,1,2,0,0,0,0,0,0,0,0,1,0,0,22
571,2016,Rajasthan,8,Ganganagar,100,Ganganagar,59,102,5,0,182,6,123,1,1,28,143,300,1,0,38,729,512,1,4,17,11,164,0,809,0,173,0,0,0,0,114,0,2,2349
572,2016,Rajasthan,8,Hanumangarh,101,Hanumangarh,53,62,0,0,101,14,101,2,0,18,105,218,0,0,12,498,172,0,1,32,15,119,0,622,0,167,0,0,0,0,148,0,0,1988
573,2016,Rajasthan,8,Jaipur,102,Jaipur East,35,26,2,0,71,1,140,1,1,58,255,2948,120,21,28,1135,1,1,5,1,11,71,0,206,0,247,0,0,0,0,701,1,0,1334
574,2016,Rajasthan,8,Jaipur,102,Jaipur North,16,12,0,0,59,0,134,0,3,12,83,669,19,2,19,735,0,1,0,6,2,45,0,228,0,83,0,0,0,0,224,0,1,833
603,2016,Sikkim,11,Namchi,227,South,7,2,1,0,24,0,1,0,0,0,20,10,0,1,2,6,1,0,4,12,0,5,2,0,0,17,0,0,0,0,35,0,0,29
575,2016,Rajasthan,8,Jaipur (Gramin),783,Jaipur Rural,42,24,4,0,99,15,128,2,0,14,109,636,180,6,17,490,293,1,7,6,9,87,0,239,0,479,1,0,4,0,707,0,0,1606
576,2016,Rajasthan,8,Jaipur,102,Jaipur South,21,11,0,0,85,3,95,0,0,33,277,1816,60,10,59,1135,0,0,2,0,9,76,0,215,0,184,0,1,0,0,457,0,2,1063
577,2016,Rajasthan,8,Jaipur,102,Jaipur West,25,18,3,1,115,0,200,1,7,27,269,1722,25,4,37,1590,0,0,3,1,9,109,0,359,0,299,0,0,4,0,816,0,0,1381
578,2016,Rajasthan,8,Jaisalmer,103,Jaisalmer,8,28,0,0,10,0,17,0,0,8,69,129,0,8,0,13,161,0,8,12,9,69,0,45,0,81,0,0,0,0,56,0,1,626
579,2016,Rajasthan,8,Jalore,104,Jalore,24,21,1,0,49,1,56,1,0,15,102,236,0,1,8,230,0,1,6,13,10,69,0,154,0,148,0,0,0,0,124,0,0,1064
580,2016,Rajasthan,8,Jhalawar,105,Jhalawar,22,49,1,18,102,17,161,1,10,35,99,452,211,33,5,165,0,0,24,64,7,242,2,374,0,157,0,0,37,0,269,0,4,1017
581,2016,Rajasthan,8,Jhunjhunu,106,Jhunjhunu,50,36,0,0,68,0,130,2,2,14,116,389,0,6,2,634,0,2,11,17,9,85,0,446,0,268,0,1,0,0,0,0,0,2458
582,2016,Rajasthan,8,Jodhpur,107,Jodhpur East,12,36,0,1,27,0,82,0,0,19,115,445,0,0,3,221,332,0,9,2,5,93,3,202,0,93,0,0,0,0,182,0,1,788
583,2016,Rajasthan,8,Jodhpur,107,Jodhpur West,27,33,1,0,44,0,76,4,0,47,161,546,0,0,7,171,176,3,5,0,4,89,0,213,0,146,0,1,1,0,232,0,0,679
584,2016,Rajasthan,8,Jodhpur,107,Jodhpur Rural,26,59,1,0,55,0,80,3,2,10,113,222,0,0,8,0,252,1,5,13,15,92,0,141,0,247,0,0,0,0,167,0,0,1332
585,2016,Rajasthan,8,Karauli,108,Karauli,32,27,0,0,80,24,119,0,0,7,31,567,241,0,1,292,0,0,8,2,14,73,0,205,0,94,0,0,0,0,173,0,0,2197
586,2016,Rajasthan,8,Kota,109,Kota City,15,73,1,17,94,1,200,0,1,35,88,1045,35,0,8,530,0,1,3,27,9,115,0,320,0,110,0,0,1,0,496,1,1,951
587,2016,Rajasthan,8,Kota,109,Kota Rural,18,27,3,0,56,0,84,0,1,12,54,171,84,0,5,200,0,0,5,92,4,151,0,187,0,119,0,0,0,0,245,0,0,838
588,2016,Rajasthan,8,Nagaur,110,Nagaur,47,75,5,0,98,0,136,3,0,16,218,612,0,0,9,299,191,1,17,5,12,85,0,441,0,352,0,0,0,0,274,0,0,2281
589,2016,Rajasthan,8,Pali,111,Pali,42,60,1,0,92,0,163,4,1,64,251,474,2,0,0,686,0,0,5,14,6,190,0,465,0,351,0,1,0,0,0,0,0,2361
590,2016,Rajasthan,8,Pratapgarh,629,Pratapgarh,27,15,0,0,134,4,70,0,0,13,36,103,14,1,0,107,1,2,4,25,6,124,0,231,0,91,0,0,17,0,111,0,0,736
591,2016,Rajasthan,8,Rajsamand,112,Rajsamand,20,21,1,0,43,0,51,0,2,15,69,173,71,11,9,238,7,0,6,44,5,52,2,226,0,233,0,0,0,0,307,0,0,700
592,2016,Rajasthan,8,Sawai Madhopur,113,Sawai Madhopur,19,26,2,0,64,19,143,0,0,15,38,689,0,0,1,334,0,0,3,1,8,89,0,230,0,126,0,0,0,0,209,0,6,1964
593,2016,Rajasthan,8,Sikar,114,Sikar,56,30,1,0,76,6,163,2,1,11,170,677,0,14,8,892,0,0,26,2,13,117,0,419,0,392,0,0,0,0,523,0,2,2157
594,2016,Rajasthan,8,Sirohi,115,Sirohi,29,21,1,0,44,7,81,3,0,12,93,196,4,3,5,293,0,2,9,36,3,71,0,189,0,201,0,0,3,0,201,0,0,700
595,2016,Rajasthan,8,Tonk,116,Tonk,22,10,2,0,33,10,73,0,0,7,107,375,88,25,2,362,0,0,6,96,1,78,0,303,0,237,0,0,0,0,275,0,1,1612
596,2016,Rajasthan,8,Udaipur,117,Udaipur,88,75,5,0,185,18,287,0,6,58,257,829,142,65,17,944,0,1,21,77,11,292,1,600,0,498,1,3,25,0,838,0,2,2232
597,2016,Rajasthan,8,Jaipur,102,Jaipur Metro,0,0,0,0,0,0,0,0,0,0,0,0,0,0,0,1,0,0,0,0,0,0,0,0,0,0,0,0,0,0,0,0,0,0
598,2016,Rajasthan,8,Jaipur,102,Scrb,0,0,0,0,0,0,0,0,0,0,0,0,0,0,0,0,0,0,0,0,0,0,0,0,0,0,0,0,0,0,0,0,0,0
599,2016,Rajasthan,8,Jaipur,102,Sog,0,0,0,0,0,0,0,0,0,0,0,0,0,0,0,2,0,2,0,0,0,0,0,0,0,0,0,0,6,0,0,0,0,0
600,2016,Rajasthan,8,Jaipur,102,Ssb,0,0,0,0,0,0,0,0,0,0,0,0,0,0,0,0,0,0,0,0,0,0,0,0,0,0,0,0,0,0,0,0,0,0
601,2016,Sikkim,11,Gangtok,225,East,8,11,0,0,42,0,11,0,0,5,54,71,0,10,2,43,0,0,11,23,0,22,9,2,0,26,0,0,1,0,84,0,2,59
602,2016,Sikkim,11,Mangan,226,North,1,2,0,0,8,0,0,0,0,0,1,1,0,0,1,0,0,0,0,2,0,3,0,0,0,11,0,0,0,0,5,0,0,2
604,2016,Sikkim,11,Gyalshing,228,West,1,2,0,0,18,2,0,0,0,0,1,11,0,1,1,3,2,0,2,3,0,4,0,0,0,10,0,0,0,0,25,0,0,11
605,2016,Tamil Nadu,33,Ariyalur,610,Ariyalur,19,20,0,0,3,0,5,0,0,10,16,40,0,20,0,9,0,1,4,2,1,9,0,3,0,138,0,0,0,0,480,0,0,686
606,2016,Tamil Nadu,33,Chennai,568,Chennai,133,231,4,4,25,0,34,11,0,103,541,3070,384,94,13,262,106,45,21,40,5,63,3,178,0,1212,0,13,107,0,6471,1,0,3696
607,2016,Tamil Nadu,33,Coimbatore,569,Coimbatore,55,25,0,0,7,0,15,4,0,76,97,206,0,30,3,52,3,0,8,8,1,25,0,50,0,746,0,0,0,0,1877,0,0,1287
608,2016,Tamil Nadu,33,Coimbatore,569,Coimbatore City,27,21,0,0,0,0,8,1,0,87,121,472,44,37,4,109,4,1,8,30,1,19,0,37,0,302,0,9,14,0,1092,0,0,768
609,2016,Tamil Nadu,33,Cuddalore,570,Cuddalore,46,53,1,0,17,0,12,5,2,18,107,262,0,80,1,119,0,2,14,76,1,39,0,39,0,547,0,0,0,0,3211,0,0,2449
610,2016,Tamil Nadu,33,Dharmapuri,571,Dharmapuri,31,24,5,0,3,0,63,4,0,20,64,122,0,52,3,26,0,0,6,9,0,26,2,10,0,350,0,0,0,0,1261,0,0,980
611,2016,Tamil Nadu,33,Dindigul,572,Dindigul,56,71,0,0,18,1,63,2,20,21,126,323,121,57,7,154,0,1,7,7,2,44,0,90,0,612,0,0,138,0,1557,0,0,2368
612,2016,Tamil Nadu,33,Erode,573,Erode,24,28,0,0,1,0,14,3,0,48,82,268,0,14,4,63,0,0,6,18,0,13,0,20,0,594,0,0,0,0,1917,0,0,1651
613,2016,Tamil Nadu,33,Kanchipuram,574,Kanchipuram,54,75,0,0,10,0,18,5,0,30,169,330,1,116,0,74,10,0,9,6,2,3,0,6,0,981,0,0,23,0,2526,0,0,3217
614,2016,Tamil Nadu,33,Kanniyakumari,575,Kanyakumari,21,133,0,0,5,0,12,0,4,15,120,229,0,0,2,82,0,0,27,12,2,3,0,7,0,307,0,0,125,0,937,0,0,1519
615,2016,Tamil Nadu,33,Karur,576,Karur,19,15,0,0,1,0,4,0,0,26,59,137,0,26,0,21,0,0,4,3,0,14,0,1,0,353,0,0,0,0,873,0,0,804
616,2016,Tamil Nadu,33,Krishnagiri,577,Krishnagiri,53,46,1,0,5,2,34,7,2,34,104,241,0,55,0,48,0,0,12,13,5,15,0,15,0,575,0,0,0,0,1392,0,0,1536
617,2016,Tamil Nadu,33,Madurai,578,Madurai,71,142,0,0,34,0,124,6,8,99,159,272,0,203,3,345,0,0,28,19,2,59,2,182,0,488,0,0,0,0,1708,0,0,2968
618,2016,Tamil Nadu,33,Madurai,578,Madurai City,43,88,0,0,6,0,18,1,0,66,117,447,0,39,13,206,0,3,12,9,5,22,4,77,0,229,0,0,90,0,724,9,0,1753
619,2016,Tamil Nadu,33,Nagapattinam,579,Nagapattinam,44,79,0,0,15,0,46,1,0,23,66,121,0,43,0,9,0,0,8,9,0,15,1,13,0,257,0,0,0,0,1413,0,0,3105
620,2016,Tamil Nadu,33,Namakkal,580,Namakkal,41,39,0,0,3,2,47,2,0,40,80,116,0,29,2,38,0,0,5,7,0,27,1,12,0,524,0,0,0,0,1784,0,0,1087
621,2016,Tamil Nadu,33,The Nilgiris,587,Nilgiris,10,21,0,0,1,0,3,0,0,5,57,51,8,4,0,8,0,1,3,18,0,8,0,3,0,53,0,0,7,0,255,0,0,762
622,2016,Tamil Nadu,33,Perambalur,581,Perambalur,12,11,0,0,1,0,3,1,0,14,26,73,0,19,0,22,0,0,2,0,0,18,0,1,0,172,0,0,0,0,419,0,0,345
623,2016,Tamil Nadu,33,Pudukkottai,582,Pudukottai,33,38,1,0,2,0,17,1,0,22,54,116,40,27,11,22,8,0,10,25,6,20,0,17,0,363,0,0,2,0,960,0,0,1263
624,2016,Tamil Nadu,33,Ramanathapuram,583,Ramnathapuram,30,105,1,0,9,0,12,0,0,18,118,157,0,57,2,84,0,0,25,23,0,15,2,17,0,279,0,0,0,0,721,0,0,2211
625,2016,Tamil Nadu,33,Chennai,568,Railway Chennai,0,5,1,0,0,0,0,1,0,14,0,398,0,7,0,6,0,1,0,0,0,13,0,0,0,2,0,0,0,0,2,0,0,246
626,2016,Tamil Nadu,33,Tiruchirappalli,591,Railway Trichy,1,4,0,0,0,0,0,0,0,20,0,85,0,4,0,1,0,0,0,0,0,1,0,0,0,0,0,0,0,0,2,0,0,41
627,2016,Tamil Nadu,33,Salem,584,Salem,45,48,0,0,7,0,46,4,3,39,74,85,0,97,0,28,0,0,16,9,2,77,0,12,0,566,0,0,0,0,1936,0,0,1659
628,2016,Tamil Nadu,33,Salem,584,Salem City,22,41,0,0,3,0,5,2,0,50,50,114,0,29,2,43,3,0,0,9,1,8,0,19,0,216,0,0,93,0,1039,0,0,2046
629,2016,Tamil Nadu,33,Sivaganga,585,Sivagangai,33,92,0,0,10,2,52,4,1,59,179,228,33,88,3,115,6,1,22,15,5,24,0,56,0,327,0,0,47,0,1013,0,0,2325
630,2016,Tamil Nadu,33,Thanjavur,586,Thanjavur,66,64,0,0,7,0,35,0,8,141,152,251,0,118,8,51,0,1,33,9,1,53,0,24,0,462,0,0,0,0,1768,0,0,2970
631,2016,Tamil Nadu,33,Theni,588,Theni,34,57,2,0,4,0,15,2,0,16,116,201,0,87,0,87,0,1,16,6,3,11,0,52,0,255,0,0,7,0,1116,0,0,2762
632,2016,Tamil Nadu,33,Tirunelveli,592,Thirunelveli,89,265,2,0,15,0,34,3,0,33,274,390,0,0,3,174,11,3,55,17,2,41,0,44,0,475,0,4,161,0,1543,0,0,4032
633,2016,Tamil Nadu,33,Tirunelveli,592,Thirunelveli City,19,83,0,0,3,1,6,1,0,11,53,307,0,0,0,34,3,5,12,2,0,3,0,11,0,103,0,0,203,0,286,0,0,373
634,2016,Tamil Nadu,33,Thiruvallur,589,Thiruvallur,42,64,0,0,10,0,4,2,0,21,94,156,0,91,2,72,0,1,1,10,2,1,0,9,0,429,0,0,0,0,963,0,0,1898
635,2016,Tamil Nadu,33,Tiruvannamalai,593,Thiruvannamalai,43,79,5,0,10,7,56,1,17,16,102,270,29,102,4,68,9,1,20,16,1,4,2,34,0,445,0,0,3,0,1267,1,0,1469
636,2016,Tamil Nadu,33,Thiruvarur,590,Thiruvarur,21,56,0,0,2,0,19,0,0,38,45,106,0,27,0,26,0,0,15,6,0,7,3,9,0,179,0,0,0,0,862,0,0,1735
637,2016,Tamil Nadu,33,Tuticorin,594,Thoothukudi,64,185,4,0,16,0,16,5,5,57,221,544,0,0,8,192,2,1,30,34,1,13,1,48,0,393,0,7,202,0,1176,0,0,2704
638,2016,Tamil Nadu,33,Tiruppur,634,Tiruppur,36,15,0,0,2,0,13,6,0,78,83,102,20,14,9,42,3,1,13,7,0,11,0,22,0,739,0,0,9,0,1854,1,0,1107
639,2016,Tamil Nadu,33,Tiruppur,634,Tiruppur City,21,24,0,0,0,0,4,1,1,49,64,269,0,4,11,42,0,0,2,1,0,5,0,7,0,181,0,0,9,0,633,0,0,580
640,2016,Tamil Nadu,33,Tiruchirappalli,591,Trichy,41,36,0,0,5,0,14,1,0,40,82,168,0,40,0,35,3,0,4,2,0,17,1,9,0,537,0,0,78,0,1198,0,0,1973
641,2016,Tamil Nadu,33,Tiruchirappalli,591,Trichy City,15,10,0,0,4,0,16,1,0,61,64,195,0,8,1,68,12,10,1,6,2,9,0,23,0,149,0,0,64,0,513,0,0,1057
642,2016,Tamil Nadu,33,Vellore,595,Vellore,81,80,2,0,12,0,59,12,0,41,265,569,0,0,1,61,0,18,16,13,2,38,4,34,0,825,0,0,0,0,2420,0,0,3803
643,2016,Tamil Nadu,33,Villupuram,596,Villupuram,63,131,6,0,31,0,253,6,12,44,218,450,51,222,2,90,2,0,28,98,3,47,0,47,0,927,0,0,5,0,2986,0,0,3542
644,2016,Tamil Nadu,33,Virudhunagar,597,Virudhunagar,45,62,1,0,12,2,24,3,0,77,116,187,0,62,0,103,0,1,10,18,0,14,1,18,0,369,0,0,0,0,959,0,0,1956
645,2016,Tamil Nadu,33,Chennai,568,Cyber Cell,0,0,0,0,0,0,0,0,0,0,0,0,0,0,0,2,0,0,0,0,0,0,0,0,0,0,0,0,0,0,0,0,0,1
646,2016,Tamil Nadu,33,Chennai,568,Other Units,0,0,0,0,0,0,0,0,0,0,0,0,0,0,0,0,0,0,0,0,0,0,0,0,0,0,0,0,0,0,0,0,0,0
647,2016,Telangana,36,Adilabad,501,Adilabad,69,65,21,0,102,5,48,4,0,17,322,611,0,27,60,390,0,2,46,59,15,289,63,685,0,398,0,9,16,0,1518,3,0,3323
648,2016,Telangana,36,Ranga Reddy,518,Cyberabad,162,130,21,4,229,16,184,17,0,324,1231,3364,24,16,177,2370,128,10,90,226,47,810,264,1865,0,1226,2,14,128,1,3333,0,3,5249
649,2016,Telangana,36,Hyderabad,507,Hyderabad City,86,138,17,0,170,0,359,19,0,181,510,3061,6,39,113,2081,22,23,23,112,18,387,205,1311,0,461,0,6,63,0,2366,28,3,4934
650,2016,Telangana,36,Karimnagar,508,Karimnagar,92,183,13,0,101,0,113,7,0,34,512,626,0,75,53,947,0,3,12,207,34,385,47,643,0,567,0,0,0,0,1204,0,0,4373
651,2016,Telangana,36,Khammam,509,Khammam,53,101,6,0,148,6,171,4,0,13,306,575,0,89,24,367,39,0,47,85,19,476,107,567,0,593,0,2,56,0,2271,3,3,3048
652,2016,Telangana,36,Mahabubnagar,512,Mahaboob Nagar,131,74,12,0,136,0,101,3,0,14,315,865,0,41,88,260,0,4,12,56,16,303,14,387,0,842,0,0,0,0,1204,0,0,3051
653,2016,Telangana,36,Medak,513,Medak,131,64,20,0,103,0,34,4,0,33,412,698,0,63,19,482,0,3,60,44,33,300,41,438,0,965,0,0,29,0,1255,0,0,3170
654,2016,Telangana,36,Nalgonda,514,Nalgonda,115,123,8,0,112,6,82,2,0,25,361,550,0,46,57,590,0,4,65,160,17,316,84,382,0,726,0,0,8,0,1437,6,0,3709
655,2016,Telangana,36,Nizamabad,516,Nizamabad,73,42,9,0,36,2,34,0,0,14,372,671,0,10,41,284,4,0,36,76,18,154,92,435,0,442,0,2,38,0,1009,0,1,1971
656,2016,Telangana,36,Ranga Reddy,518,Ranga Reddy,46,32,2,0,38,0,20,0,0,5,69,136,0,11,2,96,0,4,16,20,6,55,10,156,0,200,0,0,2,0,205,0,0,729
657,2016,Telangana,36,Hyderabad,507,Secunderabad Railway,5,1,0,0,1,0,2,0,0,3,1,984,0,1,0,46,0,6,0,0,5,2,2,0,0,1,0,0,16,0,0,0,0,60
658,2016,Telangana,36,Warangal,522,Warangal Rural,59,73,6,0,74,4,140,2,0,7,181,243,0,68,4,237,0,1,19,94,11,185,34,96,0,369,0,0,0,0,538,0,1,2903
659,2016,Telangana,36,Warangal,522,Warangal City,24,24,2,1,28,5,14,0,0,1,142,250,11,25,1,244,0,0,25,48,15,105,40,237,0,261,0,0,5,0,541,1,0,1425
660,2016,Tripura,16,Dhalai,269,Dhalai,18,7,0,0,28,3,9,0,0,7,13,14,0,11,2,6,6,0,3,71,0,23,0,26,0,15,0,0,0,0,27,0,0,20
661,2016,Tripura,16,Gomati,654,Gomati,18,6,0,0,27,1,13,0,0,1,12,30,0,2,0,6,1,0,5,155,4,21,0,80,0,17,0,0,1,0,42,0,0,41
662,2016,Tripura,16,West Tripura,272,G. R. P.,0,0,0,0,0,0,0,0,0,0,3,1,0,1,0,0,1,0,0,1,0,1,0,0,0,0,0,0,0,0,0,0,0,0
663,2016,Tripura,16,Khowai,652,Kowai,10,1,0,0,18,5,10,0,0,0,12,13,0,2,1,3,0,1,3,93,3,16,0,30,0,19,0,0,0,0,23,0,0,18
664,2016,Tripura,16,North Tripura,270,North,14,1,0,0,13,1,18,0,0,5,11,21,0,7,2,5,0,2,4,66,2,20,0,48,0,13,0,0,0,0,22,0,0,78
665,2016,Tripura,16,Sepahijala,653,Sipahijala,26,11,0,0,19,0,18,0,0,1,20,21,0,17,2,9,5,0,4,125,2,30,0,50,0,32,0,0,5,0,71,1,0,75
666,2016,Tripura,16,South Tripura,271,South,15,10,2,0,24,6,20,0,0,0,16,15,0,12,9,16,2,0,4,130,2,27,0,70,0,12,0,0,4,0,50,0,0,60
667,2016,Tripura,16,Unakoti,655,Unakoti,9,14,0,0,24,0,16,0,0,1,8,19,0,10,3,8,0,1,0,78,1,13,1,39,0,4,0,0,0,0,32,0,0,45
668,2016,Tripura,16,West Tripura,272,West,35,8,0,0,54,0,35,1,0,7,47,110,0,16,11,26,18,0,11,206,5,63,0,87,0,58,0,1,13,0,125,0,1,185
669,2016,Uttar Pradesh,9,Agra,118,Agra,143,195,30,41,110,63,528,5,4,147,311,2993,0,392,104,212,192,18,35,249,86,414,0,565,0,479,0,5,41,0,608,7,12,2060
670,2016,Uttar Pradesh,9,Aligarh,119,Aligarh,181,112,29,8,101,33,344,10,2,144,128,1356,0,173,106,213,0,6,23,183,57,224,0,279,0,407,0,3,28,0,396,2,6,1430
671,2016,Uttar Pradesh,9,Prayagraj,120,Allahabad,146,90,32,29,84,20,370,6,1,172,442,2260,62,112,133,352,0,5,36,310,69,283,2,364,0,464,0,0,114,0,647,0,14,3118
672,2016,Uttar Pradesh,9,Ambedkar Nagar,121,Ambedkar Nagar,34,42,11,32,48,2,115,1,1,29,42,140,38,69,25,68,0,1,14,199,11,50,1,6,0,121,0,0,21,0,75,0,2,619
673,2016,Uttar Pradesh,9,Amethi,640,Amethi,41,61,12,29,37,29,168,2,1,38,58,175,15,109,31,76,0,0,27,157,9,87,0,0,0,160,0,1,10,0,100,0,5,645
674,2016,Uttar Pradesh,9,Amroha,154,Amroha,44,60,19,38,93,81,104,1,0,49,35,317,0,52,16,67,0,3,9,76,13,131,0,181,0,193,0,2,9,0,163,0,0,542
675,2016,Uttar Pradesh,9,Auraiya,122,Auraiya,45,75,11,33,19,6,167,7,0,55,66,326,0,64,25,70,0,0,14,51,27,95,0,151,0,221,0,0,31,0,234,0,2,728
676,2016,Uttar Pradesh,9,Azamgarh,123,Azamgarh,76,92,21,20,73,10,275,5,2,130,137,448,0,492,38,153,0,0,42,462,41,176,0,133,0,282,0,0,19,0,235,0,10,749
677,2016,Uttar Pradesh,9,Budaun,133,Badaun,83,103,21,48,97,6,264,1,0,51,60,406,0,6,21,82,0,0,10,427,45,201,0,97,0,285,0,3,0,0,286,0,6,1116
678,2016,Uttar Pradesh,9,Baghpat,124,Baghpat,83,61,8,6,35,7,118,1,1,42,32,380,0,69,21,86,0,0,6,5,13,77,1,103,0,111,0,0,9,0,173,0,9,682
679,2016,Uttar Pradesh,9,Bahraich,125,Bahraich,41,31,17,36,42,18,247,1,0,10,100,326,0,90,29,0,188,1,21,287,56,119,0,1,0,228,0,0,4,0,180,3,12,1370
680,2016,Uttar Pradesh,9,Ballia,126,Ballia,49,30,18,0,40,9,191,6,3,52,157,459,0,331,52,111,0,0,23,243,23,139,3,85,0,180,1,0,5,0,118,0,6,462
681,2016,Uttar Pradesh,9,Balrampur,127,Balrampur,20,26,4,0,17,16,60,0,0,9,16,85,6,25,18,44,0,0,4,13,10,71,0,4,0,40,0,1,1,0,34,1,1,171
682,2016,Uttar Pradesh,9,Banda,128,Banda,35,18,17,10,41,0,89,1,0,6,38,191,0,44,21,44,0,1,6,51,24,89,0,71,0,148,0,0,6,0,172,0,2,379
683,2016,Uttar Pradesh,9,Barabanki,129,Barabanki,63,24,13,0,29,0,237,5,1,31,54,222,0,29,40,118,0,1,6,426,44,77,0,150,0,333,0,0,4,0,244,0,3,557
684,2016,Uttar Pradesh,9,Bareilly,130,Bareilly,115,122,25,22,125,250,424,6,0,96,169,1068,0,130,87,307,0,1,32,260,73,483,1,449,0,427,0,0,107,0,730,0,42,1385
685,2016,Uttar Pradesh,9,Basti,131,Basti,28,26,22,0,35,9,153,2,0,20,74,135,0,52,32,47,0,0,14,115,31,67,0,0,0,193,0,0,6,0,131,0,1,563
686,2016,Uttar Pradesh,9,Bijnor,132,Bijnor,97,105,10,42,125,58,242,3,0,66,95,607,0,109,43,0,155,0,22,36,22,177,0,173,0,291,0,7,45,0,285,0,47,814
687,2016,Uttar Pradesh,9,Bulandshahr,134,Bulandshahar,138,174,21,6,113,15,295,13,2,172,143,1090,0,228,55,31,164,0,5,24,55,262,1,253,0,412,0,4,19,0,319,0,11,1218
688,2016,Uttar Pradesh,9,Chandauli,135,Chandoli,21,23,10,14,28,3,82,2,0,25,36,161,13,73,37,64,0,0,19,230,26,75,0,76,0,136,2,0,15,0,68,0,2,394
689,2016,Uttar Pradesh,9,Chitrakoot,136,Chitrakoot,20,15,8,12,28,8,101,1,0,8,44,98,2,21,8,22,0,0,8,26,25,99,0,46,0,79,0,0,16,0,147,0,0,433
690,2016,Uttar Pradesh,9,Deoria,137,Deoria,50,33,19,17,62,8,222,1,0,22,64,226,0,196,39,0,111,1,2,292,22,127,0,49,0,216,0,0,5,0,217,1,1,650
691,2016,Uttar Pradesh,9,Etah,138,Etah,65,121,21,14,76,30,101,3,0,36,59,312,0,110,23,53,0,1,14,204,34,134,2,68,0,251,0,0,13,0,322,0,14,801
692,2016,Uttar Pradesh,9,Etawah,139,Etawah,61,115,13,38,38,9,191,7,1,69,85,761,1,38,55,114,0,2,8,60,44,131,0,185,0,331,0,0,14,0,412,1,9,827
693,2016,Uttar Pradesh,9,Ayodhya,140,Faizabad,63,31,11,3,41,8,173,9,3,81,81,394,0,51,36,158,0,1,36,223,19,103,0,9,0,228,0,3,22,0,220,0,1,738
694,2016,Uttar Pradesh,9,Farrukhabad,141,Fatehgarh,58,71,6,21,32,13,145,4,3,31,70,281,0,25,26,31,0,2,13,76,42,91,0,197,0,151,0,0,11,0,182,1,7,1031
695,2016,Uttar Pradesh,9,Fatehpur,142,Fatehpur,46,33,21,37,60,25,181,3,0,39,82,274,0,62,43,110,94,3,4,318,39,174,0,96,0,325,0,1,8,0,335,0,2,992
696,2016,Uttar Pradesh,9,Firozabad,143,Firozabad,80,200,20,13,41,11,301,6,0,80,94,857,0,242,78,181,0,0,10,414,66,109,0,179,0,350,0,2,22,0,362,1,7,1447
697,2016,Uttar Pradesh,9,Lucknow,162,G. R. P.,24,13,4,4,7,1,26,8,1,381,0,6483,5,15,5,33,0,7,1,6,2,65,0,0,0,1,0,0,9,0,2,4,1,1185
698,2016,Uttar Pradesh,9,Gautam Buddha Nagar,144,Gautambudh Nagar,93,96,23,18,84,48,312,6,1,224,175,3863,2,176,135,461,0,8,14,19,24,208,7,262,0,346,1,1,62,0,693,1,24,2489
699,2016,Uttar Pradesh,9,Ghaziabad,145,Ghaziabad,132,156,25,36,187,14,605,7,10,114,155,4520,0,93,161,416,0,12,3,28,40,287,1,526,0,420,1,3,37,0,482,1,13,2454
700,2016,Uttar Pradesh,9,Ghazipur,146,Ghazipur,49,64,20,20,43,51,160,1,3,60,102,245,47,83,21,90,0,0,8,363,18,102,3,86,0,159,0,0,18,0,75,0,3,520
701,2016,Uttar Pradesh,9,Gonda,147,Gonda,38,28,19,41,51,97,167,1,0,13,90,193,16,107,49,176,0,1,21,319,27,110,0,1,0,188,0,0,7,0,155,1,5,833
702,2016,Uttar Pradesh,9,Gorakhpur,148,Gorakhpur,124,84,16,59,167,59,404,4,0,134,270,1108,25,490,118,378,0,2,18,338,53,240,0,0,0,353,0,0,20,0,474,1,13,1457
703,2016,Uttar Pradesh,9,Hamirpur,149,Hamirpur,33,30,11,14,37,0,76,2,0,16,45,116,0,16,14,49,0,0,9,130,21,103,0,57,0,136,0,0,9,0,116,0,1,413
704,2016,Uttar Pradesh,9,Hapur,661,Hapur,42,46,4,9,53,22,139,3,3,69,47,557,0,60,29,101,0,1,2,11,11,109,0,40,0,215,0,0,9,0,179,0,8,472
705,2016,Uttar Pradesh,9,Hardoi,150,Hardoi,65,73,30,0,109,8,190,2,0,33,53,286,4,53,75,118,0,0,27,219,41,156,0,96,0,343,0,0,7,0,354,1,5,713
706,2016,Uttar Pradesh,9,Hathras,163,Hathras,59,41,12,21,32,27,119,2,0,22,59,344,0,88,39,120,0,1,5,85,24,105,0,165,0,191,0,1,24,0,197,0,4,666
707,2016,Uttar Pradesh,9,Jalaun,151,Jalaun,40,42,4,7,33,28,74,2,0,27,56,190,0,38,10,44,0,3,12,8,33,120,1,45,0,91,0,0,37,0,102,0,5,215
708,2016,Uttar Pradesh,9,Jaunpur,152,Jaunpur,60,59,21,13,78,11,224,1,2,57,115,381,22,190,30,65,0,0,30,426,46,106,1,0,0,280,0,1,11,0,191,2,2,574
709,2016,Uttar Pradesh,9,Jhansi,153,Jhansi,71,34,20,17,45,9,155,5,1,38,57,453,2,91,44,63,84,1,19,115,36,144,1,205,0,235,0,2,15,0,291,1,3,549
710,2016,Uttar Pradesh,9,Kannauj,155,Kannauj,52,65,15,12,64,10,173,12,4,26,77,221,0,99,20,91,0,0,20,53,24,119,0,119,0,241,0,5,10,0,293,0,4,968
711,2016,Uttar Pradesh,9,Kanpur Dehat,156,Kanpur Dehat,61,23,24,21,40,4,211,3,0,35,75,251,0,55,47,59,13,2,18,203,46,148,0,172,0,300,0,1,3,0,315,0,2,624
712,2016,Uttar Pradesh,9,Kanpur Nagar,157,Kanpur Nagar,117,95,38,50,76,5,533,5,0,85,196,1650,0,130,163,487,0,24,4,231,80,260,1,455,0,643,0,1,35,0,805,0,12,1847
713,2016,Uttar Pradesh,9,Kasganj,633,Kasganj,53,70,10,0,53,10,100,0,0,12,39,251,0,47,7,31,0,0,5,149,18,97,0,42,0,130,0,1,13,0,150,0,1,200
714,2016,Uttar Pradesh,9,Kaushambi,158,Kaushambi,36,33,23,19,27,7,176,1,0,18,55,155,0,25,30,38,8,2,24,118,27,141,0,119,0,159,1,0,9,0,175,0,7,712
715,2016,Uttar Pradesh,9,Kheri,159,Khiri,96,103,36,15,70,12,376,7,3,55,83,805,3,88,40,111,0,1,21,358,51,166,0,149,0,349,0,3,12,0,220,2,16,1174
716,2016,Uttar Pradesh,9,Kushi Nagar,160,Kushi Nagar,39,30,22,208,75,66,194,0,0,5,74,210,0,145,37,124,0,0,39,345,29,173,0,70,0,243,0,0,13,0,187,0,10,958
717,2016,Uttar Pradesh,9,Lalitpur,161,Lalitpur,26,11,8,16,26,1,51,0,0,15,26,85,0,61,9,30,0,1,4,17,16,65,0,27,0,84,0,0,22,0,125,2,1,410
718,2016,Uttar Pradesh,9,Lucknow,162,Lucknow,157,164,27,122,202,54,1172,19,0,125,912,4891,32,230,454,1232,36,4,83,34,65,523,1,1185,0,565,2,1,185,0,965,1,91,5799
719,2016,Uttar Pradesh,9,Maharajganj,164,Maharajganj,32,7,17,2,64,0,52,0,0,8,29,61,0,25,7,36,0,1,0,135,30,59,0,56,0,130,0,2,0,0,96,0,1,314
720,2016,Uttar Pradesh,9,Mahoba,165,Mahoba,33,19,9,7,28,1,75,2,0,24,37,88,0,29,22,39,0,1,8,8,19,107,1,39,0,83,0,4,6,0,110,1,0,145
721,2016,Uttar Pradesh,9,Mainpuri,166,Mainpuri,81,98,16,13,68,9,152,5,0,72,77,598,0,188,28,69,0,2,16,153,34,103,0,103,0,321,0,2,7,0,125,0,5,839
722,2016,Uttar Pradesh,9,Mathura,167,Mathura,92,148,15,0,55,50,217,6,0,83,76,1054,0,230,81,277,0,8,11,278,40,160,0,238,0,436,0,0,31,1,345,0,4,1210
723,2016,Uttar Pradesh,9,Mau,168,Mau,34,27,16,30,27,9,138,1,1,26,77,183,19,121,45,178,0,0,16,323,27,59,0,5,0,134,0,0,24,0,100,0,5,347
724,2016,Uttar Pradesh,9,Meerut,169,Meerut,196,216,16,56,96,63,351,5,4,148,175,3378,3,219,96,356,0,10,16,35,35,327,0,488,0,418,0,7,113,0,576,0,61,1581
725,2016,Uttar Pradesh,9,Mirzapur,170,Mirzapur,26,4,12,8,30,7,40,1,0,9,18,51,4,2,37,48,0,4,18,87,18,9,0,12,0,180,0,0,19,0,127,0,3,123
726,2016,Uttar Pradesh,9,Moradabad,171,Moradabad,70,124,22,30,208,23,348,11,4,93,191,1021,0,142,134,386,0,0,19,56,33,497,2,421,0,295,1,23,75,0,269,1,88,2138
727,2016,Uttar Pradesh,9,Muzaffarnagar,172,Muzaffarnagar,94,111,15,31,38,25,231,0,0,69,28,777,0,95,30,152,0,0,16,327,32,97,0,280,0,280,0,0,55,0,372,0,23,1337
728,2016,Uttar Pradesh,9,Pilibhit,173,Pilibhit,37,25,8,22,86,48,107,2,0,29,37,168,0,9,18,0,82,0,17,39,30,206,0,186,0,170,0,2,21,0,226,1,6,981
729,2016,Uttar Pradesh,9,Pratapgarh,174,Pratapgarh,80,95,20,20,66,10,285,6,0,87,148,589,0,197,36,203,0,1,40,283,26,148,0,215,0,170,0,0,21,0,229,0,2,1263
730,2016,Uttar Pradesh,9,Rae Bareli,175,Raibareilly,40,50,16,6,54,20,152,2,2,24,56,273,0,59,26,80,0,1,24,149,17,82,0,71,0,247,0,0,3,0,156,0,0,1057
731,2016,Uttar Pradesh,9,Rampur,176,Rampur,54,81,12,24,111,150,177,3,0,53,112,408,0,82,58,148,0,2,15,14,24,154,0,90,0,182,0,2,25,0,294,0,108,596
732,2016,Uttar Pradesh,9,Saharanpur,177,Saharanpur,74,70,20,12,51,10,205,3,4,87,76,630,0,108,42,154,0,1,7,140,21,122,0,114,0,211,0,7,39,0,170,2,44,1164
733,2016,Uttar Pradesh,9,Sambhal,659,Sambhal,60,88,23,36,52,30,189,2,0,40,68,301,0,56,59,116,0,0,12,93,28,113,0,145,0,172,0,5,24,0,144,0,20,762
734,2016,Uttar Pradesh,9,Sant Kabeer Nagar,178,Sant Kabirnagar,30,8,4,6,27,3,73,0,0,16,23,74,2,23,18,33,0,0,7,99,21,35,0,38,0,81,0,1,4,0,95,0,1,193
735,2016,Uttar Pradesh,9,Shahjahanpur,180,Shahjahanpur,87,138,23,12,90,7,245,9,0,71,105,322,0,69,35,105,0,0,17,274,45,280,0,145,0,193,0,0,20,0,413,0,5,1205
736,2016,Uttar Pradesh,9,Shamli,660,Shamli,38,55,2,22,17,79,59,0,1,35,18,347,124,62,28,84,0,2,19,44,6,62,2,120,0,91,0,0,59,0,122,0,106,985
737,2016,Uttar Pradesh,9,Shravasti,181,Shrawasti,13,15,3,7,11,5,77,1,0,4,42,64,0,21,13,85,6,0,12,127,11,66,0,1,0,51,0,2,2,0,41,0,1,288
738,2016,Uttar Pradesh,9,Siddharth Nagar,182,Sidharthnagar,18,12,12,23,36,0,107,4,1,8,44,82,0,62,16,25,0,1,9,98,22,75,0,0,0,59,0,0,2,0,54,0,1,268
739,2016,Uttar Pradesh,9,Sitapur,183,Sitapur,83,56,20,79,103,10,270,5,0,51,122,523,8,58,68,87,0,0,63,65,69,214,0,36,0,227,0,3,8,0,240,1,7,1883
740,2016,Uttar Pradesh,9,Sonbhadra,184,Sonbhadra,21,4,20,17,42,3,55,0,0,9,36,95,0,5,14,24,8,1,3,171,18,35,1,37,0,161,0,0,3,0,95,1,2,157
741,2016,Uttar Pradesh,9,Bhadohi,179,Bhadohi,16,16,14,46,9,6,71,0,0,9,55,120,0,25,19,35,0,0,3,167,12,37,0,6,0,122,0,0,5,0,73,0,1,259
742,2016,Uttar Pradesh,9,Sultanpur,185,Sultanpur,43,48,18,12,31,57,154,7,0,59,81,443,88,139,16,103,0,0,57,176,21,80,0,13,0,198,0,0,31,0,216,0,5,769
743,2016,Uttar Pradesh,9,Unnao,186,Unnao,85,69,22,27,82,3,279,4,1,63,96,363,0,140,55,181,0,0,14,90,44,145,0,181,0,359,0,6,21,0,300,0,4,738
744,2016,Uttar Pradesh,9,Varanasi,187,Varanasi,59,76,15,10,105,39,264,2,2,51,143,931,62,78,132,418,0,7,36,201,32,251,2,325,0,231,0,1,73,0,236,2,31,2262
745,2016,Uttarakhand,5,Almora,45,Almora,1,2,3,0,6,0,1,0,0,1,11,9,0,3,1,8,0,3,3,2,0,7,0,3,0,7,0,0,0,0,6,0,0,50
746,2016,Uttarakhand,5,Bageshwar,46,Bageshwar,4,2,0,0,10,0,27,1,0,1,11,12,0,6,2,2,0,0,1,1,3,9,0,3,0,4,0,0,0,0,7,0,0,31
747,2016,Uttarakhand,5,Chamoli,47,Chamoli,0,2,0,0,2,0,32,0,0,0,3,7,0,0,3,5,0,0,0,0,1,11,0,1,0,5,0,0,0,0,9,0,0,32
748,2016,Uttarakhand,5,Champawat,48,Champawat,1,1,2,0,4,0,18,0,0,1,2,8,0,3,0,2,0,1,0,3,0,2,0,0,0,12,0,0,0,0,10,1,0,28
749,2016,Uttarakhand,5,Dehradun,49,Dehradun,36,19,8,0,63,5,76,2,1,35,90,447,0,75,35,242,180,14,0,36,8,56,0,140,0,136,0,2,12,0,167,2,4,393
750,2016,Uttarakhand,5,Haridwar,50,Haridwar,63,82,10,0,104,0,133,6,3,45,86,504,0,164,47,202,14,12,0,8,13,86,0,68,0,199,0,1,5,0,135,1,2,711
751,2016,Uttarakhand,5,Nainital,51,Nainital,16,18,4,1,46,0,110,4,0,9,35,157,0,62,14,48,0,0,2,8,13,48,0,32,0,93,0,1,0,0,120,0,0,221
752,2016,Uttarakhand,5,Pauri Garhwal,52,Pauri Garhwal,5,7,1,0,4,0,58,0,0,3,8,40,0,9,8,25,1,2,0,0,1,15,0,7,0,12,0,0,1,0,19,0,2,51
753,2016,Uttarakhand,5,Pithoragarh,53,Pithoragarh,3,2,0,0,3,0,11,0,0,2,4,7,0,8,0,3,0,1,2,1,1,2,0,5,0,8,0,0,0,0,6,1,0,35
754,2016,Uttarakhand,5,Rudra Prayag,54,Rudra Prayag,3,0,0,0,6,0,65,0,0,1,7,5,0,0,3,5,0,0,0,3,0,4,0,1,0,4,0,0,0,0,5,0,0,8
755,2016,Uttarakhand,5,Tehri Garhwal,55,Tehri Garhwal,1,4,0,0,10,0,32,0,0,3,12,20,0,7,4,5,0,0,1,3,2,4,1,6,0,12,0,0,0,0,20,0,0,46
756,2016,Uttarakhand,5,Udam Singh Nagar,56,Udhamsingh Nagar,57,73,0,0,71,0,211,4,1,27,141,600,0,139,39,333,0,10,0,0,15,94,2,123,1,98,1,18,0,0,385,0,0,1094
757,2016,Uttarakhand,5,Uttar Kashi,57,Uttarkashi,4,0,1,1,7,1,15,0,0,0,8,7,0,5,5,8,0,2,0,0,0,6,0,3,0,5,0,0,0,0,8,1,0,20
758,2016,West Bengal,19,24 Paraganas North,303,North 24 Parganas,130,1236,53,510,120,150,555,5,59,21,5,1101,0,133,84,256,114,21,31,2649,43,172,16,1955,2,298,0,1,22,0,439,18,2,3602
759,2016,West Bengal,19,24 Paraganas South,304,South 24 Parganas (Old),218,476,27,0,56,104,797,8,123,39,71,1442,0,681,104,683,26,22,21,946,49,166,16,3227,0,380,0,0,30,0,781,12,0,10321
760,2016,West Bengal,19,Alipurduar,664,Alipurduar,33,75,4,0,24,27,126,0,3,11,6,443,2,2,27,58,9,1,26,402,7,80,3,292,0,130,2,0,26,0,99,12,1,500
761,2016,West Bengal,19,Paschim Bardhaman,704,Asansol-Durgapur Pc,60,269,16,4,23,21,119,9,46,24,20,613,0,154,97,213,96,20,7,54,20,44,2,370,0,225,0,2,13,0,194,0,3,1694
762,2016,West Bengal,19,Bankura,305,Bankura,60,111,7,0,32,17,112,5,12,11,15,155,0,119,15,75,28,0,37,98,19,83,10,329,0,190,0,0,16,0,160,1,0,1192
763,2016,West Bengal,19,24 Paraganas North,303,Barrackpur Pc,56,496,34,52,33,16,193,1,122,20,22,1255,13,118,113,600,90,27,36,1444,21,582,32,1260,1,200,0,1,115,0,593,5,6,824
764,2016,West Bengal,19,24 Paraganas North,303,Bidhannagar Pc,22,90,5,14,11,8,110,4,82,5,11,612,4,11,85,436,90,3,6,355,9,117,17,426,0,93,0,0,50,0,303,5,0,779
765,2016,West Bengal,19,Birbhum,307,Birbhum,94,560,10,10,20,47,89,8,58,38,8,263,80,116,10,87,8,7,22,607,14,78,0,268,0,284,0,1,11,0,156,0,0,432
766,2016,West Bengal,19,Purba Bardhaman,306,Burdwan (Old),102,493,18,0,46,79,212,5,22,25,4,487,0,147,11,255,0,2,18,174,24,203,0,545,0,500,0,0,17,0,337,0,2,3548
767,2016,West Bengal,19,Coochbehar,308,Coochbehar,70,129,6,0,79,90,161,0,2,3,2,273,60,19,34,93,6,3,34,177,27,115,3,633,0,159,0,0,23,0,189,1,2,1890
768,2016,West Bengal,19,Dinajpur Dakshin,310,Dakshin Dinajpur,32,134,23,30,19,46,102,1,9,1,1,164,9,6,6,30,6,3,6,566,12,89,1,285,1,137,0,0,10,0,156,1,1,510
769,2016,West Bengal,19,Darjeeling,309,Darjeeling,30,55,6,4,11,7,88,0,2,7,0,202,6,1,29,21,18,5,7,210,5,54,0,152,1,90,1,2,1,0,145,8,0,474
770,2016,West Bengal,19,Hooghly,312,Hooghly Rural Police,112,379,11,17,24,52,355,10,137,27,21,1046,0,228,44,646,7,19,48,142,47,197,2,1077,0,469,0,6,3,1,447,0,2,3044
771,2016,West Bengal,19,Howrah,313,Howrah G. R. P.,4,10,1,0,0,0,4,1,50,0,0,318,17,1,1,6,3,4,0,4,1,14,2,1,0,1,1,0,3,0,0,0,0,48
772,2016,West Bengal,19,Howrah,313,Howrah Pc,31,114,3,1,8,8,99,6,37,14,1,901,5,12,31,276,7,1,7,63,7,119,26,413,0,99,0,2,34,0,355,0,1,2061
773,2016,West Bengal,19,Howrah,313,Howrah Rural,83,463,9,9,21,31,214,4,41,6,13,339,39,129,62,154,9,7,35,1196,15,152,1,659,0,278,0,2,22,0,269,2,0,762
774,2016,West Bengal,19,Jalpaiguri,314,Jalpaiguri,43,113,15,0,44,27,158,1,7,6,2,352,0,4,40,42,11,0,8,115,10,140,0,228,0,185,0,0,8,0,215,3,0,474
775,2016,West Bengal,19,Jhargram,703,Jhargram,28,21,1,0,3,5,28,0,2,6,3,25,3,14,4,19,1,1,6,49,5,41,0,84,0,70,0,0,2,0,64,0,0,165
776,2016,West Bengal,19,Medinipur West,318,Kharagpur G. R. P.,2,0,0,0,1,0,2,1,5,1,0,351,0,1,1,6,0,0,0,4,0,9,0,4,0,3,0,0,0,0,7,1,0,3
777,2016,West Bengal,19,Kolkata,315,Kolkata,78,159,29,5,15,3,286,4,11,35,37,4186,111,190,249,1823,65,18,2,464,10,348,243,886,4,310,3,1,141,0,4218,10,1,8574
778,2016,West Bengal,19,Maldah,316,Malda,78,989,26,181,88,93,416,5,77,27,3,517,29,31,13,105,8,80,27,1477,27,122,11,646,0,268,0,0,24,0,227,3,2,1173
779,2016,West Bengal,19,Murshidabad,319,Murshidabad,185,3277,26,1,226,389,268,6,79,25,3,735,0,135,80,167,51,40,40,3522,51,209,7,1701,1,417,0,3,28,0,459,3,7,2286
780,2016,West Bengal,19,Nadia,320,Nadia,138,794,23,173,53,213,472,5,124,19,6,914,0,46,106,339,22,9,15,805,47,124,6,1212,0,330,0,0,82,0,422,21,4,3522
781,2016,West Bengal,19,Medinipur West,318,Paschim Medinipur,100,631,11,18,45,42,231,4,22,15,7,820,27,129,120,19,27,2,24,93,19,403,14,709,0,380,0,8,15,0,395,0,0,1293
782,2016,West Bengal,19,Medinipur East,317,Purab Medinipur,90,76,13,1,36,54,262,8,37,29,14,579,8,196,185,72,33,16,21,9,17,95,1,799,0,342,0,0,23,0,459,6,0,2830
783,2016,West Bengal,19,Purulia,321,Purulia,42,70,5,18,13,25,61,3,12,11,0,108,0,40,29,28,4,4,9,399,8,212,0,191,0,127,0,0,7,0,58,1,0,392
784,2016,West Bengal,19,Kolkata,315,Sealdah G. R. P.,16,17,0,0,2,0,8,0,114,3,0,334,20,2,2,18,0,0,0,24,1,15,1,0,0,0,0,0,0,0,0,0,0,49
785,2016,West Bengal,19,Darjeeling,309,Siliguri G. R. P.,2,0,0,0,0,0,1,0,0,2,0,191,0,0,0,1,0,1,0,0,0,9,1,1,0,0,0,0,0,0,0,3,0,14
786,2016,West Bengal,19,Darjeeling,309,Siliguri Pc,37,55,6,4,26,18,235,1,8,14,0,726,25,6,50,224,56,7,1,398,6,133,25,538,0,120,0,0,7,0,270,9,2,1053
787,2016,West Bengal,19,Dinajpur Uttar,311,Uttar Dinajpur,68,681,4,6,31,74,271,10,17,27,1,450,33,20,14,141,2,4,29,1673,14,52,9,411,0,293,0,24,15,0,239,8,3,1742
788,2016,Andaman And Nicobar Islands,35,South Andamans,602,South Andaman,10,6,1,1,18,0,15,0,0,5,48,52,0,7,4,67,1,0,5,21,0,21,0,5,0,17,0,0,0,0,165,0,0,98
789,2016,Andaman And Nicobar Islands,35,North And Middle Andaman,632,North  And Middle Andaman,3,8,0,1,11,0,9,0,0,0,7,11,0,1,1,8,0,0,2,4,0,22,2,2,0,5,0,0,0,0,50,0,0,58
790,2016,Andaman And Nicobar Islands,35,Nicobars,603,Nicobar,1,1,0,0,1,0,2,0,0,0,3,1,0,0,0,1,0,0,2,2,0,3,0,0,0,1,0,0,0,0,6,0,0,6
791,2016,Chandigarh,4,Chandigarh,44,Chandigarh,26,40,6,4,68,4,180,5,0,54,141,918,0,40,22,188,0,0,8,41,4,76,13,122,0,132,0,0,2,0,300,1,8,593
792,2016,The Dadra And Nagar Haveli And Daman And Diu,38,Dadra And Nagar Haveli,465,D Andn Haveli,5,2,0,0,14,0,10,3,0,1,22,29,0,9,6,13,0,0,2,13,0,1,1,6,0,48,0,0,2,0,30,0,0,27
793,2016,The Dadra And Nagar Haveli And Daman And Diu,38,Daman,463,Daman,4,2,1,2,11,0,20,1,0,2,15,30,0,3,3,20,1,0,2,5,0,4,1,5,0,24,0,0,3,0,15,2,0,24
794,2016,The Dadra And Nagar Haveli And Daman And Diu,38,Diu,464,Diu,0,1,0,0,1,0,1,0,0,0,5,12,0,6,0,1,1,0,0,5,0,0,1,3,0,10,0,0,0,0,18,0,1,5
795,2016,Delhi,7,Central,77,Central,31,28,4,61,104,1,240,1,0,208,777,6768,0,2,32,197,1,2,9,22,7,233,49,103,0,78,0,0,8,0,1517,5,14,1647
796,2016,Delhi,7,North West,82,Crime Branch,2,6,0,0,1,0,2,0,0,0,0,0,0,0,1,41,1,4,0,0,0,2,1,0,0,0,0,0,5,0,0,0,0,0
797,2016,Delhi,7,East,78,East,34,59,4,75,221,3,651,3,0,658,1418,13901,0,4,45,397,9,0,19,33,17,380,100,445,0,111,0,0,31,0,845,4,14,2308
798,2016,Delhi,7,New Delhi,79,Eow,0,0,0,0,0,0,0,0,0,0,0,0,0,0,3,87,44,0,0,0,0,0,0,0,0,0,0,0,0,0,0,0,0,2
799,2016,Delhi,7,New Delhi,79,Igi Airport,0,0,0,0,0,0,1,0,0,2,0,234,0,0,6,22,209,0,0,0,0,11,3,0,0,4,0,0,0,0,19,0,0,48
800,2016,Delhi,7,North West,82,Metro,1,1,0,0,1,0,6,0,0,2,3,9702,0,0,4,6,0,0,0,2,0,15,0,0,0,1,0,0,0,0,0,0,0,15
801,2016,Delhi,7,New Delhi,79,New Delhi,7,6,0,5,23,1,50,0,0,63,75,1830,0,11,12,151,90,60,6,6,1,57,9,11,0,69,1,0,5,0,286,0,2,244
802,2016,Delhi,7,North,80,North,26,25,6,31,65,0,272,3,0,233,687,7280,0,3,46,290,0,0,10,28,6,171,17,125,0,154,0,0,9,1,810,0,9,1131
803,2016,Delhi,7,North East,81,North-East,51,117,4,229,223,5,826,2,1,829,1250,11615,0,15,30,305,0,0,22,52,19,333,21,654,0,132,0,0,14,0,641,3,27,2918
804,2016,Delhi,7,North West,82,North-West,46,75,3,53,190,6,609,10,1,597,1294,12135,0,17,37,541,3,1,12,54,16,371,68,347,0,190,0,0,21,0,1920,5,20,1568
805,2016,Delhi,7,North West,82,Outer,101,83,9,81,372,1,1037,5,2,852,2163,15033,0,5,41,524,9,1,24,53,28,530,131,589,0,302,0,0,32,1,831,5,29,2783
806,2016,Delhi,7,New Delhi,79,Railway,6,5,0,0,7,0,40,1,0,60,0,3837,0,0,4,8,0,0,0,3,0,4,0,0,0,1,0,0,1,0,6,2,0,321
807,2016,Delhi,7,South,83,South,43,37,8,85,246,9,601,6,1,325,1944,13965,0,7,108,1058,12,3,17,55,9,708,239,166,0,161,1,0,25,0,873,3,13,1556
808,2016,Delhi,7,South East,670,South-East,58,72,4,72,275,1,765,4,0,265,1330,10812,0,5,81,499,6,1,23,104,14,510,137,326,0,193,0,0,17,0,912,1,20,1298
809,2016,Delhi,7,South West,84,South-West,58,48,3,66,171,1,762,6,0,225,1263,6872,0,5,45,522,3,1,27,61,22,389,71,326,0,212,0,0,29,0,873,1,15,1130
810,2016,Delhi,7,North West,82,Spl Cell,0,5,0,0,0,0,0,0,0,0,0,0,0,0,0,2,0,4,0,0,0,1,0,0,0,0,0,0,0,0,0,0,0,3
811,2016,Delhi,7,New Delhi,79,Spuwac,0,0,0,0,0,0,0,0,0,0,0,0,0,0,0,0,0,0,0,0,0,0,0,234,0,0,0,0,0,0,0,0,0,0
812,2016,Delhi,7,New Delhi,79,Vigilance,0,0,0,0,0,0,0,0,0,0,0,0,0,0,0,0,0,0,0,0,0,0,0,0,0,0,0,0,0,0,0,0,0,0
813,2016,Delhi,7,West,85,West,64,79,9,87,256,1,757,5,0,442,2103,16944,0,5,64,746,5,3,14,56,23,450,72,551,0,248,0,0,29,0,1106,2,19,2346
814,2016,Lakshadweep,31,Lakshadweep District,553,Lakshadweep,0,1,0,0,5,0,0,0,0,0,1,8,2,0,0,1,0,0,5,0,0,1,1,2,0,1,0,1,0,0,0,0,0,7
815,2016,Puducherry,34,Karaikal,598,Karaikal,2,2,0,0,5,0,0,0,0,1,8,53,3,1,3,14,0,0,0,6,0,13,0,10,0,56,0,0,3,0,215,0,0,203
816,2016,Puducherry,34,Pondicherry,600,Puducherry,31,10,2,0,1,0,15,2,0,7,32,483,22,32,11,63,8,5,1,69,0,30,3,5,0,190,0,0,14,0,1353,0,0,1099
